age,gender,n_trials,n_force_wrong,n_missed,bonus_payment,percent_accept_A1,percent_accept_A2,percent_accept_A3,percent_accept_A4,percent_accept_A2_A3,percent_accept_B1,percent_accept_B2,percent_accept_B3,percent_accept_B4,percent_accept_B2_B3,percent_accept_B1_min_A1,percent_accept_B2_min_A2,percent_accept_B3_min_A3,percent_accept_B4_min_A4,percent_accept_B2_B3_min_A2_A3,percent_accept_AB1,percent_accept_AB2,percent_accept_AB3,percent_accept_AB4,percent_accept_AB2_AB3,order_condition,liks,intercept,beta,learning_rate_reward_raw,learning_rate_reward_transformed,learning_rate_delay_raw,learning_rate_delay_transformed,accept_AB_prev1,accept_AB_prev23,accept_AB_prev4,accept_A_prev1,accept_A_prev23,accept_A_prev4,accept_B_prev1,accept_B_prev23,accept_B_prev4,accept_A1_prev1,accept_A1_prev23,accept_A1_prev4,accept_A23_prev1,accept_A23_prev23,accept_A23_prev4,accept_A4_prev1,accept_A4_prev23,accept_A4_prev4,accept_B1_prev1,accept_B1_prev23,accept_B1_prev4,accept_B23_prev1,accept_B23_prev23,accept_B23_prev4,accept_B4_prev1,accept_B4_prev23,accept_B4_prev4,av_reward_est_A,av_reward_est_B,av_reward_est_both,av_reward_arithmetic_A,av_reward_arithmetic_B,av_reward_arithmetic_both
32,Male,318,3,5,2.8,1,0,0.0833333333333333,0,0.037037037037037,1,0.0588235294117647,0.8,0.0166666666666667,0.40625,0,0.0588235294117647,0.716666666666667,0.0166666666666667,0.369212962962963,1,0.03125,0.481481481481481,0.0126582278481013,0.23728813559322,2,32.1747664459442,1.7768218185836,0.103791550702005,-2.51527197489105,0.00594702948010228,-2.63279735828713,0.00423424282757534,0.424547283702213,0.51099537037037,0.434433541480821,0.563380281690141,0.740740740740741,0.631578947368421,0.285714285714286,0.28125,0.23728813559322,1,1,1,0.05,0,0,0,0,0,NaN,1,1,0.666666666666667,0.6,0.285714285714286,0,0,0,12.0951983844443,6.79543126160751,9.58727287095903,7.43488198783393,4.64859346425908,6.11637045435655
20,p,308,4,11,2.6,1,0.533333333333333,0.214285714285714,0.142857142857143,0.379310344827586,1,1,0.0625,0.0133333333333333,0.516129032258065,0,0.466666666666667,-0.151785714285714,-0.12952380952381,0.136818687430478,1,0.766666666666667,0.133333333333333,0.0337078651685393,0.45,1,49.3313527125223,-1.95229887381253,0.055441907675794,-2.43458494966205,0.007454439917218,-2.87654721443782,0.002010260214312,0.421774193548387,0.508342602892102,0.532818532818533,0.693548387096774,0.758620689655172,0.714285714285714,0.15,0.258064516129032,0.351351351351351,1,1,1,0.444444444444444,0.2,0.333333333333333,0.1,0,0,NaN,1,1,0.666666666666667,0.6,0.478260869565217,0.0588235294117647,0,0,17.1092178845167,17.8288352674615,17.5000445666333,9.56158312284807,8.65780530882363,9.07073827557617
27,f,276,0,0,2.7,1,1,0,0,0.5,1,1,0.933333333333333,0.037037037037037,0.961538461538462,0,0,0.933333333333333,0.037037037037037,0.461538461538462,1,1,0.466666666666667,0.0294117647058824,0.714285714285714,2,20.5016716103981,-4.1803857616912,0.0891736798761546,-2.05498295371532,0.019940325601233,-2.53011170178393,0.00570131093837362,0.57258064516129,0.586870026525199,0.654986522911051,0.645161290322581,0.827586206896552,0.857142857142857,0.5,0.346153846153846,0.452830188679245,1,1,1,0.434782608695652,0.75,0.666666666666667,0,0,0,1,1,1,0.833333333333333,1,1,0.142857142857143,0,0,23.5140964557773,12.7408758778403,18.4506827841469,7.42793048764029,5.21276765776249,6.38680395759772
29,f,266,1,2,2.7,1,1,0.5,0.181818181818182,0.777777777777778,0.866666666666667,1,1,0.157894736842105,1,-0.133333333333333,0,0.5,-0.0239234449760766,0.222222222222222,0.96969696969697,1,0.76,0.161764705882353,0.896551724137931,2,61.5292265762308,-2.21513391939442,0.0663890150427537,-3.00503025334936,0.00132777217287994,-3.69064151702917,0.000111844599284094,0.646666666666667,0.702508960573477,0.75,0.76,0.888888888888889,1,0.533333333333333,0.516129032258065,0.5,1,1,1,0.777777777777778,0.714285714285714,1,0.2,0,0,NaN,1,0.75,1,1,1,0.222222222222222,0.222222222222222,0.444444444444444,13.7795056942533,9.14638255159458,11.2940281750145,7.27218175400688,4.8709345710891,5.98401269233745
45,f,291,0,1,2.8,1,0.0588235294117647,0.1,0.1875,0.0810810810810811,1,1,1,0.0181818181818182,1,0,0.941176470588235,0.9,-0.169318181818182,0.918918918918919,1,0.466666666666667,0.485714285714286,0.0563380281690141,0.476923076923077,1,58.4213127514594,-0.0168937508782419,0.0767041797458464,-1.99096255463586,0.0232425020492419,-2.08366515355769,0.0185953180078431,0.340909090909091,0.683183183183183,0.6,0.5,0.810810810810811,0.8,0.181818181818182,0.555555555555556,0.4,1,1,1,0.0344827586206897,0.25,0,0.181818181818182,0.0909090909090909,0,1,1,1,1,1,1,0,0,0,12.1145560660813,6.81595589696747,9.86085282672968,11.554634780461,10.0343055384534,10.90797890377
42,m,332,0,1,2.8,1,1,0,0,0.457142857142857,1,1,0.111111111111111,0.0142857142857143,0.578947368421053,0,0,0.111111111111111,0.0142857142857143,0.121804511278196,1,1,0.0540540540540541,0.0112359550561798,0.520547945205479,2,40.3436603692585,-6.52533809451675,0.0744619414876871,-1.40814190800036,0.0795445268870751,-2.49373267608616,0.00632038527275408,0.431111111111111,0.543609022556391,0.590579710144927,0.64,0.771428571428571,0.833333333333333,0.222222222222222,0.315789473684211,0.347826086956522,1,1,1,0.391304347826087,0.333333333333333,0.666666666666667,0,0,0,NaN,1,1,0.5,0.714285714285714,0.565217391304348,0,0,0,46.062472534128,24.0016727759052,35.161842065359,7.1001294812759,4.57395842867086,5.85190378469459
31,f,278,7,5,2.8,0.970149253731343,0.230769230769231,0.529411764705882,0.0555555555555556,0.4,1,1,1,0.16,1,0.0298507462686567,0.769230769230769,0.470588235294118,0.104444444444444,0.6,0.975,0.615384615384615,0.714285714285714,0.132352941176471,0.666666666666667,2,64.9911493257552,-0.832241256159827,0.06314519740757,-2.53874485588477,0.00556254617402702,-2.69208053055796,0.00355038985706291,0.494755244755245,0.554166666666667,0.692176870748299,0.681818181818182,0.566666666666667,0.833333333333333,0.307692307692308,0.541666666666667,0.551020408163265,1,0.933333333333333,0.923076923076923,0.388888888888889,0.285714285714286,0.6,0,0.1,0,NaN,1,1,1,1,1,0.1,0.5,0.2,12.4507226936258,7.24033640709429,10.2066454316048,7.32285614509084,4.78619120728397,6.23033213722353
44,m,306,4,5,2.8,0.986486486486487,0.588235294117647,0.0588235294117647,0,0.323529411764706,1,0.769230769230769,0.9375,0.0526315789473684,0.862068965517241,0.0135135135135135,0.180995475113122,0.878676470588235,0.0526315789473684,0.538539553752535,0.989130434782609,0.666666666666667,0.484848484848485,0.04,0.571428571428571,2,47.1737225096592,-1.39495951689741,0.0783839322915753,-2.07008224857278,0.0192223214604109,-2.33231701156923,0.00984201012461544,0.433409436834094,0.56237322515213,0.713293650793651,0.589041095890411,0.676470588235294,0.944444444444444,0.277777777777778,0.448275862068966,0.482142857142857,0.975609756097561,1,1,0.15,0.375,0.833333333333333,0,0,0,NaN,1,1,0.833333333333333,1,0.833333333333333,0,0.166666666666667,0.0833333333333333,17.1464728838973,9.21471839603469,13.5599404198203,7.77979372966693,5.71308555245884,6.84528220605979
31,m,278,1,4,2.6,1,0.176470588235294,0.333333333333333,0.142857142857143,0.25,1,0.75,0.333333333333333,0.0188679245283019,0.518518518518518,0,0.573529411764706,0,-0.123989218328841,0.268518518518518,1,0.413793103448276,0.333333333333333,0.0447761194029851,0.372881355932203,1,55.3044067858675,-0.471519393371086,0.0636089133542832,-2.65026799714084,0.0040213972289263,-2.86806707619782,0.0020649398337878,0.421610169491525,0.500597371565114,0.549450549450549,0.593220338983051,0.741935483870968,0.714285714285714,0.25,0.259259259259259,0.384615384615385,1,1,1,0.25,0.375,0,0.1,0.1,0,1,1,1,0.5,0.2,0.611111111111111,0,0.1,0,12.696074316851,12.5548569824698,12.6286272317734,10.7421402154961,9.79567962994805,10.2900993388164
45,f,264,3,16,2.6,0.984126984126984,0.294117647058824,0.0625,0,0.181818181818182,1,1,1,0.0961538461538462,1,0.0158730158730159,0.705882352941176,0.9375,0.0961538461538462,0.818181818181818,0.986111111111111,0.586206896551724,0.482758620689655,0.0714285714285714,0.53448275862069,2,36.7754284257082,-2.47542071663768,0.0780458731009535,-2.28578041048872,0.0111335541368002,-2.77328249813495,0.00277469615595716,0.473118279569892,0.498181818181818,0.477124183006536,0.612903225806452,0.636363636363636,0.444444444444444,0.333333333333333,0.36,0.509803921568627,1,0.952380952380952,1,0.222222222222222,0.25,0.0909090909090909,0,0,0,NaN,1,1,1,1,1,0.25,0.125,0.125,22.4711340390354,11.7539271635588,17.8627350825805,6.68841037845566,4.69195439939776,5.82993430746076
26,m,306,2,2,2.8,1,0,0,0.0952380952380952,0,0.933333333333333,0.533333333333333,0.9375,0.0508474576271186,0.741935483870968,-0.0666666666666667,0.533333333333333,0.9375,-0.0443906376109766,0.741935483870968,0.989247311827957,0.266666666666667,0.454545454545455,0.0625,0.365079365079365,2,62.1880649348176,0.519531393087749,0.0726527184897331,-2.11459808969184,0.0172321083110544,-2.19712149053633,0.0140058853362117,0.428205128205128,0.511458333333333,0.503389830508475,0.58974358974359,0.65625,0.6,0.266666666666667,0.366666666666667,0.406779661016949,1,1,1,0,0,0,0.166666666666667,0,0,NaN,1,0.875,0.666666666666667,0.6,0.8,0,0.222222222222222,0.111111111111111,12.5081828986973,6.55398636131205,9.85907003248774,7.8493079055939,5.57797134692657,6.83875562313598
41,m,257,0,0,2.7,1,1,0.0588235294117647,0,0.542857142857143,1,1,1,0.0612244897959184,1,0,0,0.941176470588235,0.0612244897959184,0.457142857142857,1,1,0.36,0.0461538461538462,0.703703703703704,2,20.7231777905266,-4.20559371976849,0.0874307709381912,-1.82803019509556,0.0337725100378998,-2.26237457106281,0.0118371353292227,0.486352357320099,0.55,0.661989795918367,0.741935483870968,0.6,0.875,0.230769230769231,0.5,0.448979591836735,1,1,1,0.65,0.3,0.6,0,0,0,NaN,1,1,1,1,1,0,0.1,0.2,23.5100670355637,12.6588767148172,19.0026495177152,8.18875575107003,5.3611848633009,7.01422630538131
48,m,313,8,14,2.8,1,1,0.157894736842105,0,0.529411764705882,1,0.705882352941177,0.769230769230769,0,0.733333333333333,0,-0.294117647058823,0.611336032388664,0,0.203921568627451,1,0.84375,0.40625,0,0.625,2,43.7036184113276,-1.14866987007475,0.0930890859998738,-3.01895672746061,0.00126823378829083,-3.66800020173263,0.000122227495650495,0.516901408450704,0.497058823529412,0.615476190476191,0.633802816901408,0.794117647058823,0.85,0.4,0.2,0.380952380952381,1,1,1,0.541666666666667,0.571428571428571,0,0,0,0,1,1,1,0.714285714285714,1,0.666666666666667,0,0,0,13.4499185627645,9.16279270745851,11.4614218894524,7.05042964690987,5.12982425885021,6.1595956584056
34,m,303,3,6,2.8,1,0.176470588235294,0.0625,0.0555555555555556,0.121212121212121,1,1,0.888888888888889,0.0175438596491228,0.931034482758621,0,0.823529411764706,0.826388888888889,-0.0380116959064327,0.809822361546499,1,0.5,0.5,0.0266666666666667,0.5,1,43.9654322305143,-0.55065750107334,0.0847343928523473,-2.1907316393157,0.0142356090475997,-2.35876128170223,0.0091680233680787,0.51984126984127,0.408568443051202,0.666666666666667,0.53968253968254,0.575757575757576,0.833333333333333,0.5,0.241379310344828,0.5,1,1,1,0.181818181818182,0,0,0.0833333333333333,0,0,1,1,1,1,1,0.894736842105263,0,0.125,0,14.1605409630073,8.43948609610287,11.4713815324808,11.1781529689945,9.62671117130462,10.4489038290665
25,m,264,1,2,2.7,0.980392156862745,1,0.846153846153846,0.153846153846154,0.92,1,1,1,0.0307692307692308,1,0.0196078431372549,0,0.153846153846154,-0.123076923076923,0.08,0.985294117647059,1,0.923076923076923,0.0512820512820513,0.962264150943396,2,37.7083533566687,-2.18496666178167,0.0952649798561113,-3.25127177746877,0.000574449871097393,-4.07766293669939,2.27453247763632e-05,0.615882352941176,0.596428571428571,0.71875,0.82,0.8,1,0.411764705882353,0.392857142857143,0.4375,0.96551724137931,1,1,0.857142857142857,1,1,0.142857142857143,0.142857142857143,0,1,1,1,1,1,1,0,0.1,0,10.726131466116,8.49547537866116,9.4931054881259,7.33583546045135,5.25581355164499,6.18607460633728
42,f,355,6,5,2.7,0.958333333333333,0,0.115384615384615,0,0.0612244897959184,1,0.0476190476190476,0.666666666666667,0.027027027027027,0.333333333333333,0.0416666666666666,0.0476190476190476,0.551282051282051,0.027027027027027,0.272108843537415,0.965909090909091,0.0227272727272727,0.340909090909091,0.0206185567010309,0.181818181818182,2,59.5455331384442,1.66392683264531,0.0854174861172772,-2.56222170760403,0.00520024509429046,-2.72348789515903,0.00322982913827935,0.263644366197183,0.388278388278388,0.361226920786182,0.464788732394366,0.571428571428571,0.434782608695652,0.0625,0.205128205128205,0.287671232876712,1,0.931034482758621,0.909090909090909,0.04,0.0833333333333333,0,0,0,0,NaN,1,1,0.25,0.428571428571429,0.321428571428571,0,0,0.0833333333333333,12.2655550972408,7.48130834398358,10.0048670709764,6.9988209467989,5.02646634622423,6.06682921246142
37,f,333,6,7,2.6,0.951612903225806,0.4,0.384615384615385,0.230769230769231,0.392857142857143,1,0,0,0,0,0.0483870967741935,-0.4,-0.384615384615385,-0.230769230769231,-0.392857142857143,0.96551724137931,0.171428571428571,0.142857142857143,0.0294117647058824,0.157142857142857,1,53.8165609715999,-0.236564371072249,0.0640505901243921,-2.76876642205115,0.00281344797259525,-3.31701014778032,0.00045493155860149,0.36258064516129,0.498644986449864,0.54019014693172,0.645161290322581,0.777777777777778,0.923076923076923,0.08,0.219512195121951,0.157303370786517,0.939393939393939,1,1,0.380952380952381,0.25,0.666666666666667,0.125,0.25,0,1,1,1,0,0,0,0,0,0,14.0062038627059,19.0197304583539,17.0259341674205,9.08327089942505,8.97877602894441,9.02033190407763
41,m,307,4,4,2.8,1,0,0.176470588235294,0.235294117647059,0.0909090909090909,1,0,0.714285714285714,0,0.333333333333333,0,0,0.53781512605042,-0.235294117647059,0.242424242424242,1,0,0.419354838709677,0.0571428571428571,0.206349206349206,1,55.4473603726914,1.63008175083066,0.0797321646055602,-2.74386123150712,0.0030360600111507,-2.7348790124512,0.00312016040419749,0.469230769230769,0.421630094043887,0.416759156492786,0.630769230769231,0.636363636363636,0.588235294117647,0.307692307692308,0.206896551724138,0.245283018867925,1,1,1,0.105263157894737,0,0.125,0.3,0.1,0,NaN,1,1,0.8,0.142857142857143,0.294117647058824,0,0,0,9.05783427323442,7.04471605004225,8.14623356839268,10.8204849460349,9.90284946254273,10.4049518969064
23,m,323,1,4,2.7,1,0.230769230769231,0.25,0.142857142857143,0.241379310344828,0.9375,0.0588235294117647,0.45,0,0.27027027027027,-0.0625,-0.171945701357466,0.2,-0.142857142857143,0.0288909599254427,0.987951807228916,0.133333333333333,0.361111111111111,0.0202020202020202,0.257575757575758,1,55.6705926561812,1.20891785885482,0.0809950552599375,-2.7314317482966,0.00315299004205538,-2.81073404403214,0.00247143124596194,0.364583333333333,0.414272030651341,0.504621848739496,0.666666666666667,0.689655172413793,0.785714285714286,0.0625,0.138888888888889,0.223529411764706,1,1,1,0.3,0,0.25,0.2,0,0,NaN,0.8,1,0.5,0.166666666666667,0.275862068965517,0,0,0,10.1813179257378,8.75747826909864,9.38902005228538,10.7058522462531,9.51794756851574,10.0448407723508
31,m,327,2,2,2.9,1,0,0,0,0,1,1,1,0.0273972602739726,1,0,1,1,0.0273972602739726,1,1,0.428571428571429,0.46875,0.021505376344086,0.447761194029851,2,31.0615684853089,-1.40482578825253,0.10571709017679,-1.93550705457917,0.0264640519084984,-2.2512171024331,0.0121858951031456,0.349206349206349,0.460810810810811,0.561111111111111,0.555555555555556,0.621621621621622,0.65,0.142857142857143,0.3,0.472222222222222,1,1,1,0,0,0,0,0,0,NaN,1,1,1,1,1,0,0.0833333333333333,0.0833333333333333,19.1656417809707,10.0901185319981,15.0178440460887,7.64524369496187,5.2098385326813,6.53218742938832
50,f,202,4,5,2.5,0.9375,1,1,0.818181818181818,1,1,0.777777777777778,0.777777777777778,0.51219512195122,0.777777777777778,0.0625,-0.222222222222222,-0.222222222222222,-0.305986696230599,-0.222222222222222,0.95,0.9,0.894736842105263,0.576923076923077,0.897435897435897,2,80.5682716417725,-0.142917365932553,0.0344918300274856,-0.0807940961748237,0.467802851645781,0.770662797819376,0.779546585845016,0.884751773049645,0.829131652661064,0.747228381374723,0.936170212765957,0.952380952380952,0.909090909090909,0.833333333333333,0.705882352941177,0.585365853658537,0.933333333333333,1,0.857142857142857,1,1,1,0.75,1.5,0,NaN,1,1,1,1,0.666666666666667,0.75,0.625,1.25,1.19255419634795,0.616149843307477,0.921529632997791,6.01203005647065,4.01856519043812,5.07470551681297
30,f,294,0,5,2.6,0.946428571428571,0.0833333333333333,0.3,0.1875,0.181818181818182,1,0.75,0.666666666666667,0.0923076923076923,0.705882352941177,0.0535714285714286,0.666666666666667,0.366666666666667,-0.0951923076923077,0.524064171122995,0.957142857142857,0.464285714285714,0.535714285714286,0.111111111111111,0.5,1,83.423013819559,-0.0713593899733293,0.0493585854443762,-2.4358234985212,0.00742896618852357,-2.56558419647051,0.00515011098344625,0.479220779220779,0.560606060606061,0.395192307692308,0.672727272727273,0.727272727272727,0.375,0.285714285714286,0.393939393939394,0.415384615384615,0.96875,0.888888888888889,1,0.272727272727273,0,0.1,0.25,0,0,NaN,1,1,0.666666666666667,0.666666666666667,0.727272727272727,0,0.25,0.5,11.1711189066521,8.45232375874196,9.68694570996685,9.57435391519993,8.82189072336701,9.16358898439258
33,m,248,5,6,2.6,1,0.833333333333333,1,0.833333333333333,0.91304347826087,1,1,1,0.0952380952380952,1,0,0.166666666666667,0,-0.738095238095238,0.0869565217391305,1,0.923076923076923,1,0.213333333333333,0.959183673469388,1,103.353061330277,1.70938062971689,0.0751903770795622,-0.0600222867355687,0.47606894222034,0.997825431670684,0.840817992085614,0.696428571428571,0.687290969899666,0.668010752688172,0.976190476190476,0.91304347826087,0.916666666666667,0.416666666666667,0.461538461538462,0.419354838709677,1,1,1,0.909090909090909,0.8,1,1,0.428571428571429,0,NaN,1,1,1,1,1,0.222222222222222,0.222222222222222,0.222222222222222,0.557540520354618,0.292993021111165,0.408270702345742,8.88483439497354,8.53304683398373,8.68633973765527
37,f,272,2,3,2.7,1,0.533333333333333,0.818181818181818,0.333333333333333,0.653846153846154,1,0.9375,0.933333333333333,0,0.935483870967742,0,0.404166666666667,0.115151515151515,-0.333333333333333,0.281637717121588,1,0.741935483870968,0.884615384615385,0.0526315789473684,0.807017543859649,1,52.3079709130747,-1.39992280546455,0.0699417476744706,-2.85874800295776,0.00212658252150427,-2.99813886254039,0.00135816937563077,0.5,0.603598014888337,0.696732954545455,0.75,0.884615384615385,0.909090909090909,0.25,0.32258064516129,0.484375,1,1,1,0.6,1,0.666666666666667,0,0.6,0.2,1,1,1,1,1,0.904761904761905,0,0,0,9.79284434716044,10.5905535458732,10.2351385563477,9.60890424270644,9.43888746419726,9.51463751402808
25,m,273,0,0,2.7,1,1,0.666666666666667,0,0.8,1,1,0.9375,0.0327868852459016,0.96551724137931,0,0,0.270833333333333,0.0327868852459016,0.16551724137931,1,1,0.806451612903226,0.0273972602739726,0.888888888888889,2,30.6404933452054,-2.31418356795384,0.10463539476702,-3.17647421091723,0.00074538521743639,-4.02506769124434,2.84794643740649e-05,0.580238726790451,0.527142857142857,0.754098360655738,0.775862068965517,0.84,1,0.384615384615385,0.214285714285714,0.508196721311475,1,1,1,0.733333333333333,0.8,1,0,0,0,1,1,1,1,1,0.954545454545455,0.111111111111111,0,0.111111111111111,11.7313000444033,8.70951723714637,10.1672617069789,7.6191198185454,5.25033304874457,6.39306435477914
21,male,293,0,1,2.7,1,0.733333333333333,0.277777777777778,0.0625,0.484848484848485,0.833333333333333,0.941176470588235,0.933333333333333,0.142857142857143,0.9375,-0.166666666666667,0.207843137254902,0.655555555555556,0.0803571428571428,0.452651515151515,0.973684210526316,0.84375,0.575757575757576,0.126582278481013,0.707692307692308,2,64.6624505031939,-2.03049082972757,0.0638001336499284,-2.76980914877512,0.00280445738002449,-3.30861893767394,0.00046878675917339,0.591269841269841,0.582386363636364,0.632056451612903,0.682539682539683,0.727272727272727,0.8125,0.5,0.4375,0.451612903225806,1,1,1,0.5,0.5,0.4,0.111111111111111,0,0,1,1,0.666666666666667,1,1,0.916666666666667,0.25,0.5,0.25,17.5329179971187,9.80513861436315,13.7744071155058,7.19116147858833,4.55166732977122,5.9074075062091
44,f,299,1,3,2.6,0.892857142857143,0.0588235294117647,0.733333333333333,0.111111111111111,0.375,1,0.555555555555556,0.941176470588235,0.0142857142857143,0.742857142857143,0.107142857142857,0.496732026143791,0.207843137254902,-0.0968253968253968,0.367857142857143,0.916666666666667,0.314285714285714,0.84375,0.0340909090909091,0.567164179104478,1,80.1022034125622,1.51755672012927,0.06660058223133,-2.38067144915142,0.00864055862081986,-2.25168415421722,0.0121711193627093,0.4375,0.468216318785579,0.442857142857143,0.625,0.612903225806452,0.5,0.25,0.323529411764706,0.385714285714286,0.931034482758621,0.882352941176471,0.777777777777778,0.4375,0.428571428571429,0.222222222222222,0.0909090909090909,0.0909090909090909,0,NaN,1,1,0.666666666666667,0.571428571428571,0.818181818181818,0,0,0,6.68999738326934,4.14718874071839,5.33457956058799,9.21987952862773,8.69107352331073,8.9380049619169
25,m,286,5,16,2.6,1,0.75,0.785714285714286,0.153846153846154,0.772727272727273,0.933333333333333,0.333333333333333,0.333333333333333,0.0579710144927536,0.333333333333333,-0.0666666666666667,-0.416666666666667,-0.452380952380952,-0.0958751393534002,-0.439393939393939,0.985507246376812,0.461538461538462,0.551724137931034,0.0731707317073171,0.509090909090909,1,68.8815627722752,1.99464651872316,0.0561566479477699,-1.91883019407431,0.0275029136382074,-1.4562526582274,0.0726613937335943,0.477358490566038,0.553030303030303,0.625,0.754716981132076,0.863636363636364,1,0.2,0.242424242424242,0.25,1,1,1,0.75,0.666666666666667,1,0.1,0.1,0,NaN,0.833333333333333,1,0.75,0.25,0.25,0,0.181818181818182,0.181818181818182,4.02508786256942,1.6398923278767,2.67038942781676,10.5412897905821,8.5993073026286,9.43831915422015
34,m,339,3,5,2.8,1,0.0588235294117647,0.05,0.0588235294117647,0.0540540540540541,0.894736842105263,0.611111111111111,0.476190476190476,0.0147058823529412,0.538461538461538,-0.105263157894737,0.552287581699346,0.426190476190476,-0.0441176470588235,0.484407484407484,0.979166666666667,0.342857142857143,0.268292682926829,0.0235294117647059,0.302631578947368,1,69.2082706836016,0.219119641878395,0.0672530952515668,-2.45966652271806,0.00695330831542484,-2.6418038527828,0.00412328995278793,0.335526315789474,0.535561877667141,0.602941176470588,0.513157894736842,0.702702702702703,0.882352941176471,0.157894736842105,0.368421052631579,0.323529411764706,1,1,1,0.0740740740740741,0,0,0.0769230769230769,0,0,1,1,0.857142857142857,0.285714285714286,0.642857142857143,0.555555555555556,0,0.0909090909090909,0,13.5879419537127,10.3576903581014,12.0042388367982,11.2587572122069,9.97110876263684,10.62745875055
26,F,290,2,3,2.8,1,0.944444444444444,0.368421052631579,0.0526315789473684,0.648648648648649,1,0.933333333333333,0.818181818181818,0.0980392156862745,0.884615384615385,0,-0.0111111111111111,0.449760765550239,0.0454076367389061,0.235966735966736,1,0.939393939393939,0.533333333333333,0.0857142857142857,0.746031746031746,2,46.1571432904195,-2.51925231884547,0.0869371345324903,-3.00430539156282,0.00133093994417249,-3.80014093268159,7.23069100775908e-05,0.520432692307692,0.575854700854701,0.712074303405573,0.65625,0.805555555555556,0.894736842105263,0.384615384615385,0.346153846153846,0.529411764705882,1,1,1,0.565217391304348,0.714285714285714,0.833333333333333,0.0769230769230769,0,0,NaN,1,1,1,0.666666666666667,0.894736842105263,0.111111111111111,0.111111111111111,0.222222222222222,14.5412608925832,9.07328329123966,12.1830335858426,7.35492722724499,4.20464073900767,5.99627286501942
39,m,308,7,10,2.6,0.964912280701754,0.529411764705882,0.294117647058824,0.153846153846154,0.411764705882353,0.9375,0.117647058823529,0.470588235294118,0.0163934426229508,0.294117647058824,-0.0274122807017544,-0.411764705882353,0.176470588235294,-0.137452711223203,-0.117647058823529,0.958904109589041,0.323529411764706,0.382352941176471,0.0405405405405405,0.352941176470588,1,76.5311088249444,0.630848528379695,0.057482854768547,-3.28588820797529,0.000508306741951681,-3.63090613491036,0.00014121394742217,0.397321428571429,0.470588235294118,0.487820512820513,0.607142857142857,0.794117647058823,0.692307692307692,0.1875,0.147058823529412,0.283333333333333,0.962962962962963,0.958333333333333,1,0.35,0.428571428571429,0.5,0.111111111111111,0.111111111111111,0,NaN,1,0.909090909090909,0.4,0.2,0.291666666666667,0.0909090909090909,0,0,8.78667926256539,9.92103215546367,9.37232191889892,9.13139073999206,8.46911995741374,8.78947419642837
24,m,315,4,9,2.7,1,0.833333333333333,0.266666666666667,0.25,0.575757575757576,1,1,0.05,0,0.512820512820513,0,0.166666666666667,-0.216666666666667,-0.25,-0.062937062937063,1,0.918918918918919,0.142857142857143,0.0487804878048781,0.541666666666667,1,38.0148750670628,-3.56475143530876,0.0504557152123434,-2.52735853107407,0.00574620569629719,-3.22886905944329,0.000621403922189678,0.434587813620072,0.497208931419458,0.610795454545455,0.758064516129032,0.757575757575758,0.8125,0.111111111111111,0.236842105263158,0.409090909090909,1,1,1,0.5,0.5,0.777777777777778,0.3,0,0,NaN,1,1,0.285714285714286,0.285714285714286,0.666666666666667,0,0,0,19.4809951915374,26.4297623414734,23.1180094870358,9.92185173746534,9.03620127683453,9.45829851764581
35,f,310,3,2,2.8,1,0.2,0.0526315789473684,0.0625,0.117647058823529,1,0.75,0.666666666666667,0.0317460317460317,0.714285714285714,0,0.55,0.614035087719298,-0.0307539682539683,0.596638655462185,1,0.514285714285714,0.323529411764706,0.0379746835443038,0.420289855072464,2,41.8325021058464,-1.69441145172752,0.0852412820325283,-2.07503216168221,0.018991777065012,-2.48503944913554,0.00647685394881781,0.426560121765601,0.568487394957983,0.498991935483871,0.575342465753425,0.794117647058823,0.5625,0.277777777777778,0.342857142857143,0.435483870967742,1,1,1,0.181818181818182,0,0,0,0,0,1,1,1,0.666666666666667,0.75,0.7,0,0.181818181818182,0,21.686268501703,11.8457736995734,16.9300293473404,7.39660480608669,5.55508443016817,6.50653662439274
42,f,232,0,5,2.6,1,1,0.785714285714286,0,0.888888888888889,0.916666666666667,1,1,0.195652173913043,1,-0.0833333333333334,0,0.214285714285714,0.195652173913043,0.111111111111111,0.984615384615385,1,0.884615384615385,0.152542372881356,0.942307692307692,2,38.8032224140453,-3.50086767090859,0.0918394173936548,-3.02161038137986,0.00125716974748991,-3.96890836563796,3.61013192056725e-05,0.592948717948718,0.613425925925926,0.826086956521739,0.769230769230769,0.851851851851852,1,0.416666666666667,0.375,0.652173913043478,1,1,1,0.894736842105263,0.8,1,0,0,0,NaN,1,0.888888888888889,1,1,1,0.125,0.375,0.625,13.4755551761085,9.11519272877412,11.4192478856042,7.10536952761678,4.15043647843007,5.71184996464805
28,p,317,1,1,2.7,0.983606557377049,1,0.230769230769231,0.384615384615385,0.6,1,0.928571428571429,0.352941176470588,0.0240963855421687,0.612903225806452,0.0163934426229508,-0.0714285714285714,0.122171945701357,-0.360518999073216,0.0129032258064516,0.986666666666667,0.961538461538462,0.3,0.0729166666666667,0.607142857142857,1,51.5658430923742,-3.97349948030861,0.0381024422372544,-2.33468694212347,0.00977989045369387,-2.97511152642382,0.00146441023017541,0.427380952380952,0.556774193548387,0.516885553470919,0.783333333333333,0.92,0.692307692307692,0.0714285714285714,0.193548387096774,0.341463414634146,1,1,0.875,0.588235294117647,0.75,0.5,0.4,0.1,0,NaN,1,1,0.5,0.428571428571429,0.681818181818182,0,0,0.166666666666667,23.076291017705,26.5646444637332,25.0432920797826,10.3577613145001,9.49593071509758,9.87179516153305
23,m,298,2,4,2.7,0.983333333333333,1,0.111111111111111,0.125,0.555555555555556,1,1,0.846153846153846,0,0.923076923076923,0.0166666666666667,0,0.735042735042735,-0.125,0.367521367521368,0.987012987012987,1,0.419354838709677,0.024390243902439,0.709677419354839,1,31.3742000349937,-4.58498980310917,0.0628419715398017,-1.9481341323937,0.025699457823848,-2.50327292932842,0.00615253060537035,0.495233050847458,0.553418803418803,0.634469696969697,0.677966101694915,0.722222222222222,0.875,0.3125,0.384615384615385,0.393939393939394,1,1,0.9,0.5,0.4,0.833333333333333,0.222222222222222,0,0,NaN,1,1,1,1,0.916666666666667,0,0,0,24.5397388122462,18.9302067805845,21.7730465432366,10.4898636762622,9.50467399203344,10.0039556419593
50,f,323,1,1,2.7,0.985294117647059,0.125,0,0.0588235294117647,0.0666666666666667,1,0.894736842105263,0.307692307692308,0.0277777777777778,0.65625,0.0147058823529411,0.769736842105263,0.307692307692308,-0.0310457516339869,0.589583333333333,0.987951807228916,0.542857142857143,0.148148148148148,0.0337078651685393,0.370967741935484,2,47.9267520110854,-1.64666039011601,0.0779562743124484,-2.14542520310848,0.0159594329007655,-2.67261373168653,0.00376314286086649,0.350248756218905,0.479032258064516,0.481617647058824,0.567164179104478,0.7,0.588235294117647,0.133333333333333,0.258064516129032,0.375,1,0.952380952380952,1,0.0476190476190476,0,0,0,0.111111111111111,0,NaN,1,1,0.5,0.5,0.75,0,0,0.0909090909090909,26.1441629256547,12.7383725544145,19.3266883351522,7.00053847421444,4.62829227623353,5.79413976669423
21,f,235,9,13,2.6,1,0.923076923076923,1,0.181818181818182,0.962962962962963,0.9,0.866666666666667,1,0.0714285714285714,0.933333333333333,-0.1,-0.0564102564102564,0,-0.11038961038961,-0.0296296296296296,0.980769230769231,0.892857142857143,1,0.0895522388059701,0.947368421052632,2,43.8686495912592,-1.67517811798344,0.0853081760992031,-3.5511181486566,0.000191799087736699,-4.38977161643778,5.67348841928883e-06,0.566666666666667,0.644871794871795,0.690909090909091,0.833333333333333,0.923076923076923,0.909090909090909,0.3,0.366666666666667,0.472727272727273,1,1,1,1,1,0,0.222222222222222,0,0,NaN,1,0.875,1,1,0.904761904761905,0,0.428571428571429,0,8.64134617774146,7.99565357940887,8.2891502150146,6.55466116854873,4.17088827213345,5.25442140686767
