AA4KKLIU4C3NY:3YDGXNSEOZUCKHRBBCHD5KZ8AU0483,initialized,0,,1525212944192
AA4KKLIU4C3NY:3YDGXNSEOZUCKHRBBCHD5KZ8AU0483,window_resize,0,"[889, 645]",1525212944192
AA4KKLIU4C3NY:3YDGXNSEOZUCKHRBBCHD5KZ8AU0483,focus,1582,off,1525212945774
AA4KKLIU4C3NY:3YDGXNSEOZUCKHRBBCHD5KZ8AU0483,focus,19710,on,1525212965484
AA4KKLIU4C3NY:3YDGXNSEOZUCKHRBBCHD5KZ8AU0483,focus,4788,off,1525212970272
AA4KKLIU4C3NY:3YDGXNSEOZUCKHRBBCHD5KZ8AU0483,focus,2798,on,1525212973070
AA4KKLIU4C3NY:3YDGXNSEOZUCKHRBBCHD5KZ8AU0483,focus,626290,off,1525213599360
AA4KKLIU4C3NY:3YDGXNSEOZUCKHRBBCHD5KZ8AU0483,focus,35983,on,1525213635343
AA4KKLIU4C3NY:3YDGXNSEOZUCKHRBBCHD5KZ8AU0483,focus,34627,off,1525213669970
AA4KKLIU4C3NY:3YDGXNSEOZUCKHRBBCHD5KZ8AU0483,focus,16134,on,1525213686104
AA4KKLIU4C3NY:3YDGXNSEOZUCKHRBBCHD5KZ8AU0483,focus,595,off,1525213686699
AA4KKLIU4C3NY:3YDGXNSEOZUCKHRBBCHD5KZ8AU0483,focus,5175,on,1525213691874
AA4KKLIU4C3NY:3YDGXNSEOZUCKHRBBCHD5KZ8AU0483,focus,73143,off,1525213765017
AA4KKLIU4C3NY:3YDGXNSEOZUCKHRBBCHD5KZ8AU0483,focus,3943,on,1525213768960
AA4KKLIU4C3NY:3YDGXNSEOZUCKHRBBCHD5KZ8AU0483,focus,2885,off,1525213771845
AA4KKLIU4C3NY:3YDGXNSEOZUCKHRBBCHD5KZ8AU0483,focus,3429,on,1525213775274
AA4KKLIU4C3NY:3YDGXNSEOZUCKHRBBCHD5KZ8AU0483,focus,1159,off,1525213776433
AA4KKLIU4C3NY:3YDGXNSEOZUCKHRBBCHD5KZ8AU0483,focus,3838,on,1525213780271
AA4KKLIU4C3NY:3YDGXNSEOZUCKHRBBCHD5KZ8AU0483,focus,189336,off,1525213969607
AA4KKLIU4C3NY:3YDGXNSEOZUCKHRBBCHD5KZ8AU0483,focus,777,on,1525213970384
AA4KKLIU4C3NY:3YDGXNSEOZUCKHRBBCHD5KZ8AU0483,focus,2986,off,1525213973370
AA4KKLIU4C3NY:3YDGXNSEOZUCKHRBBCHD5KZ8AU0483,focus,1258,on,1525213974628
AA4KKLIU4C3NY:3YDGXNSEOZUCKHRBBCHD5KZ8AU0483,focus,5396,off,1525213980024
AA4KKLIU4C3NY:3YDGXNSEOZUCKHRBBCHD5KZ8AU0483,focus,1574,on,1525213981598
AA4KKLIU4C3NY:3YDGXNSEOZUCKHRBBCHD5KZ8AU0483,focus,1311,off,1525213982909
AA4KKLIU4C3NY:3YDGXNSEOZUCKHRBBCHD5KZ8AU0483,focus,3960,on,1525213986869
AA4KKLIU4C3NY:3YDGXNSEOZUCKHRBBCHD5KZ8AU0483,focus,110950,off,1525214097819
AA4KKLIU4C3NY:3YDGXNSEOZUCKHRBBCHD5KZ8AU0483,focus,1868,on,1525214099687
AA4KKLIU4C3NY:3YDGXNSEOZUCKHRBBCHD5KZ8AU0483,focus,1394,off,1525214101081
AA4KKLIU4C3NY:3YDGXNSEOZUCKHRBBCHD5KZ8AU0483,focus,4632,on,1525214105713
AA4KKLIU4C3NY:3YDGXNSEOZUCKHRBBCHD5KZ8AU0483,focus,532394,off,1525214638107
AA4KKLIU4C3NY:3YDGXNSEOZUCKHRBBCHD5KZ8AU0483,focus,2366,on,1525214640473
AA4KKLIU4C3NY:3YDGXNSEOZUCKHRBBCHD5KZ8AU0483,focus,701,off,1525214641174
AA4KKLIU4C3NY:3YDGXNSEOZUCKHRBBCHD5KZ8AU0483,focus,2935,on,1525214644109
AA4KKLIU4C3NY:3YDGXNSEOZUCKHRBBCHD5KZ8AU0483,focus,5748,off,1525214649857
AA4KKLIU4C3NY:3YDGXNSEOZUCKHRBBCHD5KZ8AU0483,focus,3958,on,1525214653815
AA4KKLIU4C3NY:3YDGXNSEOZUCKHRBBCHD5KZ8AU0483,focus,97247,off,1525214751062
AA4KKLIU4C3NY:3YDGXNSEOZUCKHRBBCHD5KZ8AU0483,focus,8665,on,1525214759727
ASPRULQHB8B1F:3YW4XOSQKQLTQF15RXZG3EAUV1HU1V,initialized,0,,1525213183622
ASPRULQHB8B1F:3YW4XOSQKQLTQF15RXZG3EAUV1HU1V,window_resize,0,"[1366, 678]",1525213183622
A1W8B7P1WVD7TX:3L6L49WXW0XTXZ89DEAAT0PH84Z451,initialized,0,,1525219462940
A1W8B7P1WVD7TX:3L6L49WXW0XTXZ89DEAAT0PH84Z451,window_resize,0,"[1024, 768]",1525219462940
A1W8B7P1WVD7TX:3L6L49WXW0XTXZ89DEAAT0PH84Z451,window_resize,47752,"[1920, 989]",1525219510692
A1W8B7P1WVD7TX:3L6L49WXW0XTXZ89DEAAT0PH84Z451,focus,236420,off,1525219747112
A1W8B7P1WVD7TX:3L6L49WXW0XTXZ89DEAAT0PH84Z451,focus,900,on,1525219748012
A1W8B7P1WVD7TX:3L6L49WXW0XTXZ89DEAAT0PH84Z451,focus,106889,off,1525219854901
A1W8B7P1WVD7TX:3L6L49WXW0XTXZ89DEAAT0PH84Z451,focus,955,on,1525219855856
A1W8B7P1WVD7TX:3L6L49WXW0XTXZ89DEAAT0PH84Z451,focus,13103,off,1525219868959
A1W8B7P1WVD7TX:3L6L49WXW0XTXZ89DEAAT0PH84Z451,focus,4153,on,1525219873112
A1W8B7P1WVD7TX:3L6L49WXW0XTXZ89DEAAT0PH84Z451,focus,47777,off,1525219920889
A1W8B7P1WVD7TX:3L6L49WXW0XTXZ89DEAAT0PH84Z451,focus,3994,on,1525219924883
A1W8B7P1WVD7TX:3L6L49WXW0XTXZ89DEAAT0PH84Z451,focus,851,off,1525219925734
A1W8B7P1WVD7TX:3L6L49WXW0XTXZ89DEAAT0PH84Z451,focus,3992,on,1525219929726
A1W8B7P1WVD7TX:3L6L49WXW0XTXZ89DEAAT0PH84Z451,focus,111871,off,1525220041597
A1W8B7P1WVD7TX:3L6L49WXW0XTXZ89DEAAT0PH84Z451,focus,6866,on,1525220048463
A1W8B7P1WVD7TX:3L6L49WXW0XTXZ89DEAAT0PH84Z451,focus,76970,off,1525220125433
A1W8B7P1WVD7TX:3L6L49WXW0XTXZ89DEAAT0PH84Z451,focus,795,on,1525220126228
A1W8B7P1WVD7TX:3L6L49WXW0XTXZ89DEAAT0PH84Z451,focus,59212,off,1525220185440
A1W8B7P1WVD7TX:3L6L49WXW0XTXZ89DEAAT0PH84Z451,focus,15630,on,1525220201070
A1W8B7P1WVD7TX:3L6L49WXW0XTXZ89DEAAT0PH84Z451,focus,82145,off,1525220283215
A1W8B7P1WVD7TX:3L6L49WXW0XTXZ89DEAAT0PH84Z451,focus,1086,on,1525220284301
A1W8B7P1WVD7TX:3L6L49WXW0XTXZ89DEAAT0PH84Z451,focus,54115,off,1525220338416
A1W8B7P1WVD7TX:3L6L49WXW0XTXZ89DEAAT0PH84Z451,focus,826,on,1525220339242
A1W8B7P1WVD7TX:3L6L49WXW0XTXZ89DEAAT0PH84Z451,focus,113675,off,1525220452917
A1W8B7P1WVD7TX:3L6L49WXW0XTXZ89DEAAT0PH84Z451,focus,651,on,1525220453568
A1W8B7P1WVD7TX:3L6L49WXW0XTXZ89DEAAT0PH84Z451,focus,380664,off,1525220834232
A1W8B7P1WVD7TX:3L6L49WXW0XTXZ89DEAAT0PH84Z451,focus,8264,on,1525220842496
A1W8B7P1WVD7TX:3L6L49WXW0XTXZ89DEAAT0PH84Z451,focus,598219,off,1525221440715
A1W8B7P1WVD7TX:3L6L49WXW0XTXZ89DEAAT0PH84Z451,focus,814,on,1525221441529
A1W8B7P1WVD7TX:3L6L49WXW0XTXZ89DEAAT0PH84Z451,focus,1234,off,1525221442763
A1W8B7P1WVD7TX:3L6L49WXW0XTXZ89DEAAT0PH84Z451,focus,722,on,1525221443485
A1W8B7P1WVD7TX:3L6L49WXW0XTXZ89DEAAT0PH84Z451,focus,2415,off,1525221445900
A1W8B7P1WVD7TX:3L6L49WXW0XTXZ89DEAAT0PH84Z451,focus,3728,on,1525221449628
A1XA3QOXDTGCDL:3VSOLARPKB9RGQRHGQI8VB2DG0693W,initialized,0,,1525222165537
A1XA3QOXDTGCDL:3VSOLARPKB9RGQRHGQI8VB2DG0693W,window_resize,0,"[1280, 752]",1525222165537
A1XA3QOXDTGCDL:3VSOLARPKB9RGQRHGQI8VB2DG0693W,focus,11705,off,1525222177242
A1XA3QOXDTGCDL:3VSOLARPKB9RGQRHGQI8VB2DG0693W,focus,4639,on,1525222181881
A1XA3QOXDTGCDL:3VSOLARPKB9RGQRHGQI8VB2DG0693W,window_resize,62027,"[1024, 680]",1525222243908
A1XA3QOXDTGCDL:3VSOLARPKB9RGQRHGQI8VB2DG0693W,window_resize,2103,"[1280, 687]",1525222246011
A10QZA83T80YA3:3UXUOQ9OKEXNMS29A8ZY4NPDRK37A7,initialized,0,,1525233791908
A10QZA83T80YA3:3UXUOQ9OKEXNMS29A8ZY4NPDRK37A7,window_resize,1,"[1280, 933]",1525233791909
A10QZA83T80YA3:3UXUOQ9OKEXNMS29A8ZY4NPDRK37A7,window_resize,10580,"[1024, 768]",1525233802489
A10QZA83T80YA3:3UXUOQ9OKEXNMS29A8ZY4NPDRK37A7,focus,1562,off,1525233804051
A10QZA83T80YA3:3UXUOQ9OKEXNMS29A8ZY4NPDRK37A7,focus,1107,on,1525233805158
A10QZA83T80YA3:3UXUOQ9OKEXNMS29A8ZY4NPDRK37A7,window_resize,13289,"[1280, 933]",1525233818447
A10QZA83T80YA3:3UXUOQ9OKEXNMS29A8ZY4NPDRK37A7,focus,937,off,1525233819384
A10QZA83T80YA3:3UXUOQ9OKEXNMS29A8ZY4NPDRK37A7,focus,211138,on,1525234030522
A10QZA83T80YA3:3UXUOQ9OKEXNMS29A8ZY4NPDRK37A7,focus,22635,off,1525234053157
A10QZA83T80YA3:3UXUOQ9OKEXNMS29A8ZY4NPDRK37A7,focus,20571,on,1525234073728
A10QZA83T80YA3:3UXUOQ9OKEXNMS29A8ZY4NPDRK37A7,focus,401455,off,1525234475183
A10QZA83T80YA3:3UXUOQ9OKEXNMS29A8ZY4NPDRK37A7,focus,185513,on,1525234660696
A10QZA83T80YA3:3UXUOQ9OKEXNMS29A8ZY4NPDRK37A7,focus,131003,off,1525234791699
A10QZA83T80YA3:3UXUOQ9OKEXNMS29A8ZY4NPDRK37A7,focus,8914,on,1525234800613
A10QZA83T80YA3:3UXUOQ9OKEXNMS29A8ZY4NPDRK37A7,focus,690459,off,1525235491072
A10QZA83T80YA3:3UXUOQ9OKEXNMS29A8ZY4NPDRK37A7,focus,167749,on,1525235658821
A3RQN5RZD1N2KP:3M23Y66PO278IOAY8YGXJ9JNJLCS6O,initialized,0,,1525284121167
A3RQN5RZD1N2KP:3M23Y66PO278IOAY8YGXJ9JNJLCS6O,window_resize,0,"[1024, 768]",1525284121167
A3RQN5RZD1N2KP:3M23Y66PO278IOAY8YGXJ9JNJLCS6O,focus,14990,off,1525284136157
A3RQN5RZD1N2KP:3M23Y66PO278IOAY8YGXJ9JNJLCS6O,focus,2013,on,1525284138170
A2SRC38HIJ2X19:3QFUFYSY9YFLZW1YJQNJFCGUY4CF47,initialized,0,,1525284370531
A2SRC38HIJ2X19:3QFUFYSY9YFLZW1YJQNJFCGUY4CF47,window_resize,1,"[1366, 677]",1525284370532
A2SRC38HIJ2X19:3QFUFYSY9YFLZW1YJQNJFCGUY4CF47,focus,14536,off,1525284385068
A2SRC38HIJ2X19:3QFUFYSY9YFLZW1YJQNJFCGUY4CF47,focus,2948,on,1525284388016
A1TMZLYXQAK8Q0:32EYX73OY09HJK0MPREV95S705BUR4,initialized,0,,1525284361750
A1TMZLYXQAK8Q0:32EYX73OY09HJK0MPREV95S705BUR4,window_resize,0,"[1024, 768]",1525284361750
A3RBA581BHJDR8:3URFVVM165IQLBMDZ888V8U69MUZU2,initialized,0,,1525285122850
A3RBA581BHJDR8:3URFVVM165IQLBMDZ888V8U69MUZU2,window_resize,0,"[1024, 653]",1525285122850
A3RBA581BHJDR8:3URFVVM165IQLBMDZ888V8U69MUZU2,focus,7483,off,1525285130333
A3RBA581BHJDR8:3URFVVM165IQLBMDZ888V8U69MUZU2,focus,5662,on,1525285135995
A3RBA581BHJDR8:3URFVVM165IQLBMDZ888V8U69MUZU2,focus,483433,off,1525285619428
A3RBA581BHJDR8:3URFVVM165IQLBMDZ888V8U69MUZU2,focus,18260,on,1525285637688
A3RBA581BHJDR8:3URFVVM165IQLBMDZ888V8U69MUZU2,focus,61108,off,1525285698796
A3RBA581BHJDR8:3URFVVM165IQLBMDZ888V8U69MUZU2,focus,12185,on,1525285710981
A3RBA581BHJDR8:3URFVVM165IQLBMDZ888V8U69MUZU2,focus,517136,off,1525286228117
A3RBA581BHJDR8:3URFVVM165IQLBMDZ888V8U69MUZU2,focus,989,on,1525286229106
A3RBA581BHJDR8:3URFVVM165IQLBMDZ888V8U69MUZU2,focus,437442,off,1525286666548
A3RBA581BHJDR8:3URFVVM165IQLBMDZ888V8U69MUZU2,focus,2255,on,1525286668803
A1THCNYQ6HMSBZ:3EF8EXOTT1VKCZQBFYV2WC1JFROJ16,initialized,0,,1525285499391
A1THCNYQ6HMSBZ:3EF8EXOTT1VKCZQBFYV2WC1JFROJ16,window_resize,0,"[1024, 952]",1525285499391
A1THCNYQ6HMSBZ:3EF8EXOTT1VKCZQBFYV2WC1JFROJ16,focus,12016,off,1525285511407
A1THCNYQ6HMSBZ:3EF8EXOTT1VKCZQBFYV2WC1JFROJ16,focus,22126,on,1525285533533
A1THCNYQ6HMSBZ:3EF8EXOTT1VKCZQBFYV2WC1JFROJ16,focus,55543,off,1525285589076
A1THCNYQ6HMSBZ:3EF8EXOTT1VKCZQBFYV2WC1JFROJ16,focus,1412,on,1525285590488
A1THCNYQ6HMSBZ:3EF8EXOTT1VKCZQBFYV2WC1JFROJ16,focus,4594,off,1525285595082
A1THCNYQ6HMSBZ:3EF8EXOTT1VKCZQBFYV2WC1JFROJ16,focus,4133,on,1525285599215
A1THCNYQ6HMSBZ:3EF8EXOTT1VKCZQBFYV2WC1JFROJ16,focus,27848,off,1525285627063
A1THCNYQ6HMSBZ:3EF8EXOTT1VKCZQBFYV2WC1JFROJ16,focus,4925,on,1525285631988
A1THCNYQ6HMSBZ:3EF8EXOTT1VKCZQBFYV2WC1JFROJ16,focus,3911,off,1525285635899
A1THCNYQ6HMSBZ:3EF8EXOTT1VKCZQBFYV2WC1JFROJ16,focus,1752,on,1525285637651
A1THCNYQ6HMSBZ:3EF8EXOTT1VKCZQBFYV2WC1JFROJ16,focus,10892,off,1525285648543
A1THCNYQ6HMSBZ:3EF8EXOTT1VKCZQBFYV2WC1JFROJ16,focus,5735,on,1525285654278
A1THCNYQ6HMSBZ:3EF8EXOTT1VKCZQBFYV2WC1JFROJ16,focus,21859,off,1525285676137
A1THCNYQ6HMSBZ:3EF8EXOTT1VKCZQBFYV2WC1JFROJ16,focus,18935,on,1525285695072
A1THCNYQ6HMSBZ:3EF8EXOTT1VKCZQBFYV2WC1JFROJ16,focus,8286,off,1525285703358
A1THCNYQ6HMSBZ:3EF8EXOTT1VKCZQBFYV2WC1JFROJ16,focus,20410,on,1525285723768
A1THCNYQ6HMSBZ:3EF8EXOTT1VKCZQBFYV2WC1JFROJ16,focus,7595,off,1525285731363
A1THCNYQ6HMSBZ:3EF8EXOTT1VKCZQBFYV2WC1JFROJ16,focus,6959,on,1525285738322
A1THCNYQ6HMSBZ:3EF8EXOTT1VKCZQBFYV2WC1JFROJ16,focus,7745,off,1525285746067
A1THCNYQ6HMSBZ:3EF8EXOTT1VKCZQBFYV2WC1JFROJ16,focus,2673,on,1525285748740
A1THCNYQ6HMSBZ:3EF8EXOTT1VKCZQBFYV2WC1JFROJ16,focus,4972,off,1525285753712
A1THCNYQ6HMSBZ:3EF8EXOTT1VKCZQBFYV2WC1JFROJ16,focus,2921,on,1525285756633
A1THCNYQ6HMSBZ:3EF8EXOTT1VKCZQBFYV2WC1JFROJ16,focus,3608,off,1525285760241
A1THCNYQ6HMSBZ:3EF8EXOTT1VKCZQBFYV2WC1JFROJ16,focus,4383,on,1525285764624
A1THCNYQ6HMSBZ:3EF8EXOTT1VKCZQBFYV2WC1JFROJ16,focus,2911,off,1525285767535
A1THCNYQ6HMSBZ:3EF8EXOTT1VKCZQBFYV2WC1JFROJ16,focus,18128,on,1525285785663
A1THCNYQ6HMSBZ:3EF8EXOTT1VKCZQBFYV2WC1JFROJ16,focus,7373,off,1525285793036
A1THCNYQ6HMSBZ:3EF8EXOTT1VKCZQBFYV2WC1JFROJ16,focus,2622,on,1525285795658
A1THCNYQ6HMSBZ:3EF8EXOTT1VKCZQBFYV2WC1JFROJ16,focus,2631,off,1525285798289
A1THCNYQ6HMSBZ:3EF8EXOTT1VKCZQBFYV2WC1JFROJ16,focus,40318,on,1525285838607
A1THCNYQ6HMSBZ:3EF8EXOTT1VKCZQBFYV2WC1JFROJ16,focus,4200,off,1525285842807
A1THCNYQ6HMSBZ:3EF8EXOTT1VKCZQBFYV2WC1JFROJ16,focus,3431,on,1525285846238
A1THCNYQ6HMSBZ:3EF8EXOTT1VKCZQBFYV2WC1JFROJ16,focus,303344,off,1525286149582
A1THCNYQ6HMSBZ:3EF8EXOTT1VKCZQBFYV2WC1JFROJ16,focus,16252,on,1525286165834
A1THCNYQ6HMSBZ:3EF8EXOTT1VKCZQBFYV2WC1JFROJ16,focus,741356,off,1525286907190
A1THCNYQ6HMSBZ:3EF8EXOTT1VKCZQBFYV2WC1JFROJ16,focus,117805,on,1525287024995
A1THCNYQ6HMSBZ:3EF8EXOTT1VKCZQBFYV2WC1JFROJ16,focus,112540,off,1525287137535
A1THCNYQ6HMSBZ:3EF8EXOTT1VKCZQBFYV2WC1JFROJ16,focus,222625,on,1525287360160
A1FOTRH3UJMKTS:30MVJZJNHMD214T6JBAVBIJ2D3C9J5,initialized,0,,1525285510406
A1FOTRH3UJMKTS:30MVJZJNHMD214T6JBAVBIJ2D3C9J5,window_resize,0,"[1366, 678]",1525285510406
A1FOTRH3UJMKTS:30MVJZJNHMD214T6JBAVBIJ2D3C9J5,focus,25026,off,1525285535432
A1FOTRH3UJMKTS:30MVJZJNHMD214T6JBAVBIJ2D3C9J5,focus,14508,on,1525285549940
A1FOTRH3UJMKTS:30MVJZJNHMD214T6JBAVBIJ2D3C9J5,focus,8185,off,1525285558125
A1FOTRH3UJMKTS:30MVJZJNHMD214T6JBAVBIJ2D3C9J5,focus,7724,on,1525285565849
A1FOTRH3UJMKTS:30MVJZJNHMD214T6JBAVBIJ2D3C9J5,focus,133622,off,1525285699471
A1FOTRH3UJMKTS:30MVJZJNHMD214T6JBAVBIJ2D3C9J5,focus,12464,on,1525285711935
A1FOTRH3UJMKTS:30MVJZJNHMD214T6JBAVBIJ2D3C9J5,focus,125717,off,1525285837652
A1FOTRH3UJMKTS:30MVJZJNHMD214T6JBAVBIJ2D3C9J5,focus,35527,on,1525285873179
A1FOTRH3UJMKTS:30MVJZJNHMD214T6JBAVBIJ2D3C9J5,focus,435765,off,1525286308944
A1FOTRH3UJMKTS:30MVJZJNHMD214T6JBAVBIJ2D3C9J5,focus,14436,on,1525286323380
A2FL477TMKC91L:3NLZY2D53PPEOTYS3YXUDSMJRSGQL5,initialized,0,,1525286338542
A2FL477TMKC91L:3NLZY2D53PPEOTYS3YXUDSMJRSGQL5,window_resize,1,"[1024, 721]",1525286338543
A2FL477TMKC91L:3NLZY2D53PPEOTYS3YXUDSMJRSGQL5,focus,8536,off,1525286347079
A2FL477TMKC91L:3NLZY2D53PPEOTYS3YXUDSMJRSGQL5,focus,5438,on,1525286352517
A2FL477TMKC91L:3NLZY2D53PPEOTYS3YXUDSMJRSGQL5,focus,18156,off,1525286370673
A2FL477TMKC91L:3NLZY2D53PPEOTYS3YXUDSMJRSGQL5,focus,7119,on,1525286377792
A2FL477TMKC91L:3NLZY2D53PPEOTYS3YXUDSMJRSGQL5,window_resize,3455,"[1366, 768]",1525286381247
A2FL477TMKC91L:3NLZY2D53PPEOTYS3YXUDSMJRSGQL5,window_resize,16928,"[1024, 721]",1525286398175
A2FL477TMKC91L:3NLZY2D53PPEOTYS3YXUDSMJRSGQL5,focus,1209,off,1525286399384
A2FL477TMKC91L:3NLZY2D53PPEOTYS3YXUDSMJRSGQL5,focus,35237,on,1525286434621
A2FL477TMKC91L:3NLZY2D53PPEOTYS3YXUDSMJRSGQL5,focus,31002,off,1525286465623
A2FL477TMKC91L:3NLZY2D53PPEOTYS3YXUDSMJRSGQL5,focus,19728,on,1525286485351
A2FL477TMKC91L:3NLZY2D53PPEOTYS3YXUDSMJRSGQL5,focus,21033,off,1525286506384
A2FL477TMKC91L:3NLZY2D53PPEOTYS3YXUDSMJRSGQL5,focus,74826,on,1525286581210
A2FL477TMKC91L:3NLZY2D53PPEOTYS3YXUDSMJRSGQL5,window_resize,2366,"[1366, 768]",1525286583576
A2FL477TMKC91L:3NLZY2D53PPEOTYS3YXUDSMJRSGQL5,window_resize,46578,"[1024, 721]",1525286630154
A2FL477TMKC91L:3NLZY2D53PPEOTYS3YXUDSMJRSGQL5,focus,376,off,1525286630530
A2FL477TMKC91L:3NLZY2D53PPEOTYS3YXUDSMJRSGQL5,focus,5831,on,1525286636361
A2FL477TMKC91L:3NLZY2D53PPEOTYS3YXUDSMJRSGQL5,window_resize,2669,"[1366, 768]",1525286639030
A2FL477TMKC91L:3NLZY2D53PPEOTYS3YXUDSMJRSGQL5,window_resize,426753,"[1024, 721]",1525287065783
A2FL477TMKC91L:3NLZY2D53PPEOTYS3YXUDSMJRSGQL5,focus,1301,off,1525287067084
A2FL477TMKC91L:3NLZY2D53PPEOTYS3YXUDSMJRSGQL5,focus,21536,on,1525287088620
A2FL477TMKC91L:3NLZY2D53PPEOTYS3YXUDSMJRSGQL5,window_resize,14554,"[1366, 768]",1525287103174
A2FL477TMKC91L:3NLZY2D53PPEOTYS3YXUDSMJRSGQL5,window_resize,479161,"[1024, 721]",1525287582335
A2FL477TMKC91L:3NLZY2D53PPEOTYS3YXUDSMJRSGQL5,focus,49081,off,1525287631416
A2FL477TMKC91L:3NLZY2D53PPEOTYS3YXUDSMJRSGQL5,focus,5112,on,1525287636528
A2FL477TMKC91L:3NLZY2D53PPEOTYS3YXUDSMJRSGQL5,focus,30657,off,1525287667185
A2FL477TMKC91L:3NLZY2D53PPEOTYS3YXUDSMJRSGQL5,focus,4528,on,1525287671713
A2FL477TMKC91L:3NLZY2D53PPEOTYS3YXUDSMJRSGQL5,focus,11211,off,1525287682924
A2FL477TMKC91L:3NLZY2D53PPEOTYS3YXUDSMJRSGQL5,focus,6545,on,1525287689469
A2FL477TMKC91L:3NLZY2D53PPEOTYS3YXUDSMJRSGQL5,focus,12767,off,1525287702236
A2FL477TMKC91L:3NLZY2D53PPEOTYS3YXUDSMJRSGQL5,focus,11247,on,1525287713483
A2FL477TMKC91L:3NLZY2D53PPEOTYS3YXUDSMJRSGQL5,focus,13525,off,1525287727008
A2FL477TMKC91L:3NLZY2D53PPEOTYS3YXUDSMJRSGQL5,focus,971,on,1525287727979
A2FL477TMKC91L:3NLZY2D53PPEOTYS3YXUDSMJRSGQL5,focus,3809,off,1525287731788
A2FL477TMKC91L:3NLZY2D53PPEOTYS3YXUDSMJRSGQL5,focus,79816,on,1525287811604
A2FL477TMKC91L:3NLZY2D53PPEOTYS3YXUDSMJRSGQL5,focus,25086,off,1525287836690
A2FL477TMKC91L:3NLZY2D53PPEOTYS3YXUDSMJRSGQL5,focus,4029,on,1525287840719
A2FL477TMKC91L:3NLZY2D53PPEOTYS3YXUDSMJRSGQL5,focus,1392,off,1525287842111
A2FL477TMKC91L:3NLZY2D53PPEOTYS3YXUDSMJRSGQL5,focus,6707,on,1525287848818
A2FL477TMKC91L:3NLZY2D53PPEOTYS3YXUDSMJRSGQL5,focus,4319,off,1525287853137
A2FL477TMKC91L:3NLZY2D53PPEOTYS3YXUDSMJRSGQL5,focus,4203,on,1525287857340
A2FL477TMKC91L:3NLZY2D53PPEOTYS3YXUDSMJRSGQL5,focus,362044,off,1525288219384
A2FL477TMKC91L:3NLZY2D53PPEOTYS3YXUDSMJRSGQL5,focus,16512,on,1525288235896
A2FL477TMKC91L:3NLZY2D53PPEOTYS3YXUDSMJRSGQL5,focus,53722,off,1525288289618
A2FL477TMKC91L:3NLZY2D53PPEOTYS3YXUDSMJRSGQL5,focus,3574,on,1525288293192
A2FL477TMKC91L:3NLZY2D53PPEOTYS3YXUDSMJRSGQL5,focus,1087,off,1525288294279
A2FL477TMKC91L:3NLZY2D53PPEOTYS3YXUDSMJRSGQL5,focus,2730,on,1525288297009
A2FL477TMKC91L:3NLZY2D53PPEOTYS3YXUDSMJRSGQL5,focus,8891,off,1525288305900
A2FL477TMKC91L:3NLZY2D53PPEOTYS3YXUDSMJRSGQL5,focus,4673,on,1525288310573
A1F2MFSHXTGAVD:3ZGVPD4G6THBLY7OZ3IYQC84Q8NZTB,initialized,0,,1525288256430
A1F2MFSHXTGAVD:3ZGVPD4G6THBLY7OZ3IYQC84Q8NZTB,window_resize,0,"[1366, 678]",1525288256430
A1F2MFSHXTGAVD:3ZGVPD4G6THBLY7OZ3IYQC84Q8NZTB,focus,9661,off,1525288266091
A1F2MFSHXTGAVD:3ZGVPD4G6THBLY7OZ3IYQC84Q8NZTB,focus,9118,on,1525288275209
A2V3ECGQQYNO85:3PPTZCWALQKYTIFWIZO3L7XH61OZQX,initialized,0,,1525288812477
A2V3ECGQQYNO85:3PPTZCWALQKYTIFWIZO3L7XH61OZQX,window_resize,0,"[1024, 721]",1525288812477
A2V3ECGQQYNO85:3PPTZCWALQKYTIFWIZO3L7XH61OZQX,focus,11135,off,1525288823612
A2V3ECGQQYNO85:3PPTZCWALQKYTIFWIZO3L7XH61OZQX,focus,50789,on,1525288874401
A2V3ECGQQYNO85:3PPTZCWALQKYTIFWIZO3L7XH61OZQX,focus,31881,off,1525288906282
A2V3ECGQQYNO85:3PPTZCWALQKYTIFWIZO3L7XH61OZQX,focus,5283,on,1525288911565
A2V3ECGQQYNO85:3PPTZCWALQKYTIFWIZO3L7XH61OZQX,focus,3031,off,1525288914596
A2V3ECGQQYNO85:3PPTZCWALQKYTIFWIZO3L7XH61OZQX,focus,47645,on,1525288962241
A2V3ECGQQYNO85:3PPTZCWALQKYTIFWIZO3L7XH61OZQX,focus,19195,off,1525288981436
A2V3ECGQQYNO85:3PPTZCWALQKYTIFWIZO3L7XH61OZQX,focus,5117,on,1525288986553
A2V3ECGQQYNO85:3PPTZCWALQKYTIFWIZO3L7XH61OZQX,window_resize,3683,"[1024, 678]",1525288990236
A2V3ECGQQYNO85:3PPTZCWALQKYTIFWIZO3L7XH61OZQX,window_resize,834,"[1024, 721]",1525288991070
A2V3ECGQQYNO85:3PPTZCWALQKYTIFWIZO3L7XH61OZQX,window_resize,1013,"[1366, 687]",1525288992083
A2V3ECGQQYNO85:3PPTZCWALQKYTIFWIZO3L7XH61OZQX,window_resize,10154,"[1366, 768]",1525289002237
A2V3ECGQQYNO85:3PPTZCWALQKYTIFWIZO3L7XH61OZQX,window_resize,19397,"[1366, 687]",1525289021634
A2V3ECGQQYNO85:3PPTZCWALQKYTIFWIZO3L7XH61OZQX,focus,1051,off,1525289022685
A2V3ECGQQYNO85:3PPTZCWALQKYTIFWIZO3L7XH61OZQX,focus,4796,on,1525289027481
A2V3ECGQQYNO85:3PPTZCWALQKYTIFWIZO3L7XH61OZQX,focus,19628,off,1525289047109
A2V3ECGQQYNO85:3PPTZCWALQKYTIFWIZO3L7XH61OZQX,focus,5013,on,1525289052122
A2V3ECGQQYNO85:3PPTZCWALQKYTIFWIZO3L7XH61OZQX,focus,19137,off,1525289071259
A2V3ECGQQYNO85:3PPTZCWALQKYTIFWIZO3L7XH61OZQX,focus,4689,on,1525289075948
A2V3ECGQQYNO85:3PPTZCWALQKYTIFWIZO3L7XH61OZQX,focus,29265,off,1525289105213
A2V3ECGQQYNO85:3PPTZCWALQKYTIFWIZO3L7XH61OZQX,focus,4405,on,1525289109618
A2V3ECGQQYNO85:3PPTZCWALQKYTIFWIZO3L7XH61OZQX,focus,14241,off,1525289123859
A2V3ECGQQYNO85:3PPTZCWALQKYTIFWIZO3L7XH61OZQX,focus,4954,on,1525289128813
A2V3ECGQQYNO85:3PPTZCWALQKYTIFWIZO3L7XH61OZQX,focus,26862,off,1525289155675
A2V3ECGQQYNO85:3PPTZCWALQKYTIFWIZO3L7XH61OZQX,focus,4482,on,1525289160157
A2V3ECGQQYNO85:3PPTZCWALQKYTIFWIZO3L7XH61OZQX,focus,23724,off,1525289183881
A2V3ECGQQYNO85:3PPTZCWALQKYTIFWIZO3L7XH61OZQX,focus,4154,on,1525289188035
A2V3ECGQQYNO85:3PPTZCWALQKYTIFWIZO3L7XH61OZQX,focus,14417,off,1525289202452
A2V3ECGQQYNO85:3PPTZCWALQKYTIFWIZO3L7XH61OZQX,focus,4156,on,1525289206608
A2V3ECGQQYNO85:3PPTZCWALQKYTIFWIZO3L7XH61OZQX,window_resize,6922,"[1366, 768]",1525289213530
A2V3ECGQQYNO85:3PPTZCWALQKYTIFWIZO3L7XH61OZQX,window_resize,257434,"[1366, 687]",1525289470964
A2V3ECGQQYNO85:3PPTZCWALQKYTIFWIZO3L7XH61OZQX,focus,1150,off,1525289472114
A2V3ECGQQYNO85:3PPTZCWALQKYTIFWIZO3L7XH61OZQX,focus,4403,on,1525289476517
A2V3ECGQQYNO85:3PPTZCWALQKYTIFWIZO3L7XH61OZQX,focus,14963,off,1525289491480
A2V3ECGQQYNO85:3PPTZCWALQKYTIFWIZO3L7XH61OZQX,focus,4054,on,1525289495534
A2V3ECGQQYNO85:3PPTZCWALQKYTIFWIZO3L7XH61OZQX,focus,7245,off,1525289502779
A2V3ECGQQYNO85:3PPTZCWALQKYTIFWIZO3L7XH61OZQX,focus,4032,on,1525289506811
A2V3ECGQQYNO85:3PPTZCWALQKYTIFWIZO3L7XH61OZQX,focus,120685,off,1525289627496
A2V3ECGQQYNO85:3PPTZCWALQKYTIFWIZO3L7XH61OZQX,focus,6346,on,1525289633842
A2V3ECGQQYNO85:3PPTZCWALQKYTIFWIZO3L7XH61OZQX,focus,4568,off,1525289638410
A2V3ECGQQYNO85:3PPTZCWALQKYTIFWIZO3L7XH61OZQX,focus,12051,on,1525289650461
A2V3ECGQQYNO85:3PPTZCWALQKYTIFWIZO3L7XH61OZQX,window_resize,18899,"[1366, 768]",1525289669360
A27GRNV01G1W87:3ZQIG0FLQEGM4V68TBY6SQ276RFWVE,initialized,0,,1525289076773
A27GRNV01G1W87:3ZQIG0FLQEGM4V68TBY6SQ276RFWVE,window_resize,0,"[1024, 768]",1525289076773
A27GRNV01G1W87:3ZQIG0FLQEGM4V68TBY6SQ276RFWVE,focus,16218,off,1525289092991
A27GRNV01G1W87:3ZQIG0FLQEGM4V68TBY6SQ276RFWVE,focus,2763,on,1525289095754
A27GRNV01G1W87:3ZQIG0FLQEGM4V68TBY6SQ276RFWVE,window_resize,59314,"[2560, 1389]",1525289155068
A27GRNV01G1W87:3ZQIG0FLQEGM4V68TBY6SQ276RFWVE,focus,1023584,off,1525290178652
A27GRNV01G1W87:3ZQIG0FLQEGM4V68TBY6SQ276RFWVE,focus,1593,on,1525290180245
A27GRNV01G1W87:3ZQIG0FLQEGM4V68TBY6SQ276RFWVE,focus,6601,off,1525290186846
A27GRNV01G1W87:3ZQIG0FLQEGM4V68TBY6SQ276RFWVE,focus,709,on,1525290187555
A256FHXGSY0E5D:3O6CYIULED1MRGH8OLO1W40OSKQWU9,initialized,0,,1525289273597
A256FHXGSY0E5D:3O6CYIULED1MRGH8OLO1W40OSKQWU9,window_resize,2,"[1920, 1003]",1525289273599
A256FHXGSY0E5D:3O6CYIULED1MRGH8OLO1W40OSKQWU9,focus,517,on,1525289274116
A256FHXGSY0E5D:3O6CYIULED1MRGH8OLO1W40OSKQWU9,focus,9560,off,1525289283676
A256FHXGSY0E5D:3O6CYIULED1MRGH8OLO1W40OSKQWU9,focus,13088,on,1525289296764
A256FHXGSY0E5D:3O6CYIULED1MRGH8OLO1W40OSKQWU9,focus,24950,off,1525289321714
A256FHXGSY0E5D:3O6CYIULED1MRGH8OLO1W40OSKQWU9,focus,4909,on,1525289326623
A256FHXGSY0E5D:3O6CYIULED1MRGH8OLO1W40OSKQWU9,focus,6892,off,1525289333515
A256FHXGSY0E5D:3O6CYIULED1MRGH8OLO1W40OSKQWU9,focus,1516,on,1525289335031
A256FHXGSY0E5D:3O6CYIULED1MRGH8OLO1W40OSKQWU9,focus,329841,off,1525289664872
A256FHXGSY0E5D:3O6CYIULED1MRGH8OLO1W40OSKQWU9,focus,17637,on,1525289682509
A256FHXGSY0E5D:3O6CYIULED1MRGH8OLO1W40OSKQWU9,focus,556,off,1525289683065
A256FHXGSY0E5D:3O6CYIULED1MRGH8OLO1W40OSKQWU9,window_resize,2521,"[1024, 767]",1525289685586
A256FHXGSY0E5D:3O6CYIULED1MRGH8OLO1W40OSKQWU9,window_resize,687,"[958, 1002]",1525289686273
A256FHXGSY0E5D:3O6CYIULED1MRGH8OLO1W40OSKQWU9,focus,1885,on,1525289688158
A256FHXGSY0E5D:3O6CYIULED1MRGH8OLO1W40OSKQWU9,focus,470,off,1525289688628
A256FHXGSY0E5D:3O6CYIULED1MRGH8OLO1W40OSKQWU9,window_resize,425,"[1024, 767]",1525289689053
A256FHXGSY0E5D:3O6CYIULED1MRGH8OLO1W40OSKQWU9,window_resize,433,"[958, 1002]",1525289689486
A256FHXGSY0E5D:3O6CYIULED1MRGH8OLO1W40OSKQWU9,focus,5820,on,1525289695306
A256FHXGSY0E5D:3O6CYIULED1MRGH8OLO1W40OSKQWU9,focus,1313429,off,1525291008735
A256FHXGSY0E5D:3O6CYIULED1MRGH8OLO1W40OSKQWU9,window_resize,324,"[1920, 1003]",1525291009059
A256FHXGSY0E5D:3O6CYIULED1MRGH8OLO1W40OSKQWU9,focus,385,on,1525291009444
A256FHXGSY0E5D:3O6CYIULED1MRGH8OLO1W40OSKQWU9,focus,2205,off,1525291011649
A256FHXGSY0E5D:3O6CYIULED1MRGH8OLO1W40OSKQWU9,focus,1395,on,1525291013044
A2VW2G52AKT86G:3TVRFO09GKFYXQZ4PCSM70ICOVNLXH,initialized,0,,1525289956392
A2VW2G52AKT86G:3TVRFO09GKFYXQZ4PCSM70ICOVNLXH,window_resize,0,"[1024, 768]",1525289956392
A2VW2G52AKT86G:3TVRFO09GKFYXQZ4PCSM70ICOVNLXH,focus,20490,off,1525289976882
A2VW2G52AKT86G:3TVRFO09GKFYXQZ4PCSM70ICOVNLXH,focus,16524,on,1525289993406
A2VW2G52AKT86G:3TVRFO09GKFYXQZ4PCSM70ICOVNLXH,focus,405004,off,1525290398410
A2VW2G52AKT86G:3TVRFO09GKFYXQZ4PCSM70ICOVNLXH,focus,24945,on,1525290423355
A2VW2G52AKT86G:3TVRFO09GKFYXQZ4PCSM70ICOVNLXH,focus,21799,off,1525290445154
A2VW2G52AKT86G:3TVRFO09GKFYXQZ4PCSM70ICOVNLXH,focus,14792,on,1525290459946
A2VW2G52AKT86G:3TVRFO09GKFYXQZ4PCSM70ICOVNLXH,focus,61399,off,1525290521345
A2VW2G52AKT86G:3TVRFO09GKFYXQZ4PCSM70ICOVNLXH,focus,40093,on,1525290561438
A2VW2G52AKT86G:3TVRFO09GKFYXQZ4PCSM70ICOVNLXH,focus,15292,off,1525290576730
A2VW2G52AKT86G:3TVRFO09GKFYXQZ4PCSM70ICOVNLXH,focus,14809,on,1525290591539
A2VW2G52AKT86G:3TVRFO09GKFYXQZ4PCSM70ICOVNLXH,focus,674719,off,1525291266258
A2VW2G52AKT86G:3TVRFO09GKFYXQZ4PCSM70ICOVNLXH,focus,20463,on,1525291286721
A3S1TLYMH9WWUG:3180JW2OT4CJ0HRUGLXEZ2E0R7AJ55,initialized,0,,1525290326030
A3S1TLYMH9WWUG:3180JW2OT4CJ0HRUGLXEZ2E0R7AJ55,window_resize,0,"[1024, 768]",1525290326030
A3S1TLYMH9WWUG:3180JW2OT4CJ0HRUGLXEZ2E0R7AJ55,focus,8506,off,1525290334536
A3S1TLYMH9WWUG:3180JW2OT4CJ0HRUGLXEZ2E0R7AJ55,focus,5256,on,1525290339792
A3S1TLYMH9WWUG:3180JW2OT4CJ0HRUGLXEZ2E0R7AJ55,focus,31631,off,1525290371423
A3S1TLYMH9WWUG:3180JW2OT4CJ0HRUGLXEZ2E0R7AJ55,focus,9568,on,1525290380991
A3S1TLYMH9WWUG:3180JW2OT4CJ0HRUGLXEZ2E0R7AJ55,focus,6880,off,1525290387871
A3S1TLYMH9WWUG:3180JW2OT4CJ0HRUGLXEZ2E0R7AJ55,focus,10266,on,1525290398137
A3S1TLYMH9WWUG:3180JW2OT4CJ0HRUGLXEZ2E0R7AJ55,focus,6519,off,1525290404656
A3S1TLYMH9WWUG:3180JW2OT4CJ0HRUGLXEZ2E0R7AJ55,focus,15807,on,1525290420463
A3S1TLYMH9WWUG:3180JW2OT4CJ0HRUGLXEZ2E0R7AJ55,focus,9928,off,1525290430391
A3S1TLYMH9WWUG:3180JW2OT4CJ0HRUGLXEZ2E0R7AJ55,focus,17176,on,1525290447567
A3S1TLYMH9WWUG:3180JW2OT4CJ0HRUGLXEZ2E0R7AJ55,focus,20705,off,1525290468272
A3S1TLYMH9WWUG:3180JW2OT4CJ0HRUGLXEZ2E0R7AJ55,focus,23718,on,1525290491990
A3S1TLYMH9WWUG:3180JW2OT4CJ0HRUGLXEZ2E0R7AJ55,focus,9680,off,1525290501670
A3S1TLYMH9WWUG:3180JW2OT4CJ0HRUGLXEZ2E0R7AJ55,focus,4096,on,1525290505766
A3S1TLYMH9WWUG:3180JW2OT4CJ0HRUGLXEZ2E0R7AJ55,focus,2647,off,1525290508413
A3S1TLYMH9WWUG:3180JW2OT4CJ0HRUGLXEZ2E0R7AJ55,focus,2932,on,1525290511345
A3S1TLYMH9WWUG:3180JW2OT4CJ0HRUGLXEZ2E0R7AJ55,focus,3558,off,1525290514903
A3S1TLYMH9WWUG:3180JW2OT4CJ0HRUGLXEZ2E0R7AJ55,focus,75280,on,1525290590183
A3S1TLYMH9WWUG:3180JW2OT4CJ0HRUGLXEZ2E0R7AJ55,focus,10495,off,1525290600678
A3S1TLYMH9WWUG:3180JW2OT4CJ0HRUGLXEZ2E0R7AJ55,focus,8737,on,1525290609415
A3S1TLYMH9WWUG:3180JW2OT4CJ0HRUGLXEZ2E0R7AJ55,focus,3999,off,1525290613414
A3S1TLYMH9WWUG:3180JW2OT4CJ0HRUGLXEZ2E0R7AJ55,focus,2337,on,1525290615751
A3S1TLYMH9WWUG:3180JW2OT4CJ0HRUGLXEZ2E0R7AJ55,focus,8527,off,1525290624278
A3S1TLYMH9WWUG:3180JW2OT4CJ0HRUGLXEZ2E0R7AJ55,focus,3081,on,1525290627359
A3S1TLYMH9WWUG:3180JW2OT4CJ0HRUGLXEZ2E0R7AJ55,focus,3721,off,1525290631080
A3S1TLYMH9WWUG:3180JW2OT4CJ0HRUGLXEZ2E0R7AJ55,focus,21560,on,1525290652640
A3S1TLYMH9WWUG:3180JW2OT4CJ0HRUGLXEZ2E0R7AJ55,window_resize,16713,"[1920, 1029]",1525290669353
A3S1TLYMH9WWUG:3180JW2OT4CJ0HRUGLXEZ2E0R7AJ55,focus,1358,off,1525290670711
A3S1TLYMH9WWUG:3180JW2OT4CJ0HRUGLXEZ2E0R7AJ55,focus,4503,on,1525290675214
A3S1TLYMH9WWUG:3180JW2OT4CJ0HRUGLXEZ2E0R7AJ55,focus,251217,off,1525290926431
A3S1TLYMH9WWUG:3180JW2OT4CJ0HRUGLXEZ2E0R7AJ55,focus,26233,on,1525290952664
A3S1TLYMH9WWUG:3180JW2OT4CJ0HRUGLXEZ2E0R7AJ55,window_resize,7924,"[1024, 768]",1525290960588
A3S1TLYMH9WWUG:3180JW2OT4CJ0HRUGLXEZ2E0R7AJ55,focus,5348,off,1525290965936
A3S1TLYMH9WWUG:3180JW2OT4CJ0HRUGLXEZ2E0R7AJ55,focus,120,on,1525290966056
A3S1TLYMH9WWUG:3180JW2OT4CJ0HRUGLXEZ2E0R7AJ55,focus,10575,off,1525290976631
A3S1TLYMH9WWUG:3180JW2OT4CJ0HRUGLXEZ2E0R7AJ55,focus,12343,on,1525290988974
A3S1TLYMH9WWUG:3180JW2OT4CJ0HRUGLXEZ2E0R7AJ55,focus,7195,off,1525290996169
A3S1TLYMH9WWUG:3180JW2OT4CJ0HRUGLXEZ2E0R7AJ55,focus,2687,on,1525290998856
A3S1TLYMH9WWUG:3180JW2OT4CJ0HRUGLXEZ2E0R7AJ55,focus,2057,off,1525291000913
A3S1TLYMH9WWUG:3180JW2OT4CJ0HRUGLXEZ2E0R7AJ55,focus,3007,on,1525291003920
A3S1TLYMH9WWUG:3180JW2OT4CJ0HRUGLXEZ2E0R7AJ55,focus,63408,off,1525291067328
A3S1TLYMH9WWUG:3180JW2OT4CJ0HRUGLXEZ2E0R7AJ55,focus,40990,on,1525291108318
A3S1TLYMH9WWUG:3180JW2OT4CJ0HRUGLXEZ2E0R7AJ55,focus,10667,off,1525291118985
A3S1TLYMH9WWUG:3180JW2OT4CJ0HRUGLXEZ2E0R7AJ55,focus,13663,on,1525291132648
A3S1TLYMH9WWUG:3180JW2OT4CJ0HRUGLXEZ2E0R7AJ55,focus,25926,off,1525291158574
A3S1TLYMH9WWUG:3180JW2OT4CJ0HRUGLXEZ2E0R7AJ55,focus,124,on,1525291158698
A1CXB0JXEY20NV:345LHZDEDXSP0IFKE1DZR7PRUR93UN,initialized,0,,1525291678900
A1CXB0JXEY20NV:345LHZDEDXSP0IFKE1DZR7PRUR93UN,window_resize,0,"[1024, 768]",1525291678900
A1CXB0JXEY20NV:345LHZDEDXSP0IFKE1DZR7PRUR93UN,focus,8879,off,1525291687779
A1CXB0JXEY20NV:345LHZDEDXSP0IFKE1DZR7PRUR93UN,focus,1601,on,1525291689380
A1CXB0JXEY20NV:345LHZDEDXSP0IFKE1DZR7PRUR93UN,focus,767,off,1525291690147
A1CXB0JXEY20NV:345LHZDEDXSP0IFKE1DZR7PRUR93UN,focus,1392,on,1525291691539
A1CXB0JXEY20NV:345LHZDEDXSP0IFKE1DZR7PRUR93UN,focus,943,off,1525291692482
A1CXB0JXEY20NV:345LHZDEDXSP0IFKE1DZR7PRUR93UN,focus,15890,on,1525291708372
A1CXB0JXEY20NV:345LHZDEDXSP0IFKE1DZR7PRUR93UN,focus,10141,off,1525291718513
A1CXB0JXEY20NV:345LHZDEDXSP0IFKE1DZR7PRUR93UN,focus,4096,on,1525291722609
A1CXB0JXEY20NV:345LHZDEDXSP0IFKE1DZR7PRUR93UN,focus,42065,off,1525291764674
A1CXB0JXEY20NV:345LHZDEDXSP0IFKE1DZR7PRUR93UN,focus,782,on,1525291765456
A1CXB0JXEY20NV:345LHZDEDXSP0IFKE1DZR7PRUR93UN,focus,1229,off,1525291766685
A1CXB0JXEY20NV:345LHZDEDXSP0IFKE1DZR7PRUR93UN,focus,15808,on,1525291782493
A1CXB0JXEY20NV:345LHZDEDXSP0IFKE1DZR7PRUR93UN,focus,32796,off,1525291815289
A1CXB0JXEY20NV:345LHZDEDXSP0IFKE1DZR7PRUR93UN,focus,9376,on,1525291824665
A1CXB0JXEY20NV:345LHZDEDXSP0IFKE1DZR7PRUR93UN,focus,81312,off,1525291905977
A1CXB0JXEY20NV:345LHZDEDXSP0IFKE1DZR7PRUR93UN,focus,1812,on,1525291907789
A1CXB0JXEY20NV:345LHZDEDXSP0IFKE1DZR7PRUR93UN,focus,16121,off,1525291923910
A1CXB0JXEY20NV:345LHZDEDXSP0IFKE1DZR7PRUR93UN,focus,3262,on,1525291927172
A1CXB0JXEY20NV:345LHZDEDXSP0IFKE1DZR7PRUR93UN,focus,1776,off,1525291928948
A1CXB0JXEY20NV:345LHZDEDXSP0IFKE1DZR7PRUR93UN,focus,2460,on,1525291931408
A1CXB0JXEY20NV:345LHZDEDXSP0IFKE1DZR7PRUR93UN,focus,12283,off,1525291943691
A1CXB0JXEY20NV:345LHZDEDXSP0IFKE1DZR7PRUR93UN,focus,26722,on,1525291970413
A1CXB0JXEY20NV:345LHZDEDXSP0IFKE1DZR7PRUR93UN,focus,1988,off,1525291972401
A1CXB0JXEY20NV:345LHZDEDXSP0IFKE1DZR7PRUR93UN,focus,2698,on,1525291975099
A1CXB0JXEY20NV:345LHZDEDXSP0IFKE1DZR7PRUR93UN,focus,73057,off,1525292048156
A1CXB0JXEY20NV:345LHZDEDXSP0IFKE1DZR7PRUR93UN,focus,6928,on,1525292055084
A1CXB0JXEY20NV:345LHZDEDXSP0IFKE1DZR7PRUR93UN,focus,3525,off,1525292058609
A1CXB0JXEY20NV:345LHZDEDXSP0IFKE1DZR7PRUR93UN,focus,4896,on,1525292063505
A1CXB0JXEY20NV:345LHZDEDXSP0IFKE1DZR7PRUR93UN,focus,160829,off,1525292224334
A1CXB0JXEY20NV:345LHZDEDXSP0IFKE1DZR7PRUR93UN,focus,1359,on,1525292225693
A1CXB0JXEY20NV:345LHZDEDXSP0IFKE1DZR7PRUR93UN,focus,2544,off,1525292228237
A1CXB0JXEY20NV:345LHZDEDXSP0IFKE1DZR7PRUR93UN,focus,104503,on,1525292332740
A1CXB0JXEY20NV:345LHZDEDXSP0IFKE1DZR7PRUR93UN,focus,1881,off,1525292334621
A1CXB0JXEY20NV:345LHZDEDXSP0IFKE1DZR7PRUR93UN,focus,184900,on,1525292519521
A1CXB0JXEY20NV:345LHZDEDXSP0IFKE1DZR7PRUR93UN,focus,105043,off,1525292624564
A1CXB0JXEY20NV:345LHZDEDXSP0IFKE1DZR7PRUR93UN,focus,2082,on,1525292626646
A1CXB0JXEY20NV:345LHZDEDXSP0IFKE1DZR7PRUR93UN,focus,92275,off,1525292718921
A1CXB0JXEY20NV:345LHZDEDXSP0IFKE1DZR7PRUR93UN,focus,1250,on,1525292720171
A1CXB0JXEY20NV:345LHZDEDXSP0IFKE1DZR7PRUR93UN,focus,1548,off,1525292721719
A1CXB0JXEY20NV:345LHZDEDXSP0IFKE1DZR7PRUR93UN,focus,4853,on,1525292726572
A1CXB0JXEY20NV:345LHZDEDXSP0IFKE1DZR7PRUR93UN,focus,88005,off,1525292814577
A1CXB0JXEY20NV:345LHZDEDXSP0IFKE1DZR7PRUR93UN,focus,9982,on,1525292824559
A1CXB0JXEY20NV:345LHZDEDXSP0IFKE1DZR7PRUR93UN,focus,10652,off,1525292835211
A1CXB0JXEY20NV:345LHZDEDXSP0IFKE1DZR7PRUR93UN,focus,2207,on,1525292837418
A1CXB0JXEY20NV:345LHZDEDXSP0IFKE1DZR7PRUR93UN,focus,482,off,1525292837900
A1CXB0JXEY20NV:345LHZDEDXSP0IFKE1DZR7PRUR93UN,focus,3460,on,1525292841360
A1CXB0JXEY20NV:345LHZDEDXSP0IFKE1DZR7PRUR93UN,focus,39446,off,1525292880806
A1CXB0JXEY20NV:345LHZDEDXSP0IFKE1DZR7PRUR93UN,focus,2439,on,1525292883245
A1CXB0JXEY20NV:345LHZDEDXSP0IFKE1DZR7PRUR93UN,focus,501,off,1525292883746
A1CXB0JXEY20NV:345LHZDEDXSP0IFKE1DZR7PRUR93UN,focus,6327,on,1525292890073
A1CXB0JXEY20NV:345LHZDEDXSP0IFKE1DZR7PRUR93UN,focus,813,off,1525292890886
A1CXB0JXEY20NV:345LHZDEDXSP0IFKE1DZR7PRUR93UN,focus,803,on,1525292891689
A1CXB0JXEY20NV:345LHZDEDXSP0IFKE1DZR7PRUR93UN,focus,2981,off,1525292894670
A1CXB0JXEY20NV:345LHZDEDXSP0IFKE1DZR7PRUR93UN,focus,1637,on,1525292896307
A1CXB0JXEY20NV:345LHZDEDXSP0IFKE1DZR7PRUR93UN,focus,4734,off,1525292901041
A1CXB0JXEY20NV:345LHZDEDXSP0IFKE1DZR7PRUR93UN,focus,6762,on,1525292907803
A1CXB0JXEY20NV:345LHZDEDXSP0IFKE1DZR7PRUR93UN,focus,34117,off,1525292941920
A1CXB0JXEY20NV:345LHZDEDXSP0IFKE1DZR7PRUR93UN,focus,1248,on,1525292943168
A1CXB0JXEY20NV:345LHZDEDXSP0IFKE1DZR7PRUR93UN,focus,2134,off,1525292945302
A1CXB0JXEY20NV:345LHZDEDXSP0IFKE1DZR7PRUR93UN,focus,7843,on,1525292953145
A1CXB0JXEY20NV:345LHZDEDXSP0IFKE1DZR7PRUR93UN,focus,2282,off,1525292955427
A1CXB0JXEY20NV:345LHZDEDXSP0IFKE1DZR7PRUR93UN,focus,1132,on,1525292956559
A1CXB0JXEY20NV:345LHZDEDXSP0IFKE1DZR7PRUR93UN,focus,453,off,1525292957012
A1CXB0JXEY20NV:345LHZDEDXSP0IFKE1DZR7PRUR93UN,focus,1646,on,1525292958658
A1CXB0JXEY20NV:345LHZDEDXSP0IFKE1DZR7PRUR93UN,focus,13361,off,1525292972019
A1CXB0JXEY20NV:345LHZDEDXSP0IFKE1DZR7PRUR93UN,focus,8807,on,1525292980826
A1CXB0JXEY20NV:345LHZDEDXSP0IFKE1DZR7PRUR93UN,focus,1091,off,1525292981917
A1CXB0JXEY20NV:345LHZDEDXSP0IFKE1DZR7PRUR93UN,focus,5480,on,1525292987397
A1CXB0JXEY20NV:345LHZDEDXSP0IFKE1DZR7PRUR93UN,focus,39410,off,1525293026807
A1CXB0JXEY20NV:345LHZDEDXSP0IFKE1DZR7PRUR93UN,focus,1521,on,1525293028328
A1CXB0JXEY20NV:345LHZDEDXSP0IFKE1DZR7PRUR93UN,focus,275921,off,1525293304249
A1CXB0JXEY20NV:345LHZDEDXSP0IFKE1DZR7PRUR93UN,focus,7675,on,1525293311924
A1CXB0JXEY20NV:345LHZDEDXSP0IFKE1DZR7PRUR93UN,focus,17863,off,1525293329787
A1CXB0JXEY20NV:345LHZDEDXSP0IFKE1DZR7PRUR93UN,focus,1611,on,1525293331398
A1CXB0JXEY20NV:345LHZDEDXSP0IFKE1DZR7PRUR93UN,focus,1639,off,1525293333037
A1CXB0JXEY20NV:345LHZDEDXSP0IFKE1DZR7PRUR93UN,focus,737,on,1525293333774
A1CXB0JXEY20NV:345LHZDEDXSP0IFKE1DZR7PRUR93UN,focus,1226,off,1525293335000
A1CXB0JXEY20NV:345LHZDEDXSP0IFKE1DZR7PRUR93UN,focus,3653,on,1525293338653
A1CXB0JXEY20NV:345LHZDEDXSP0IFKE1DZR7PRUR93UN,focus,14081,off,1525293352734
A1CXB0JXEY20NV:345LHZDEDXSP0IFKE1DZR7PRUR93UN,focus,1036,on,1525293353770
A1CXB0JXEY20NV:345LHZDEDXSP0IFKE1DZR7PRUR93UN,focus,242619,off,1525293596389
A1CXB0JXEY20NV:345LHZDEDXSP0IFKE1DZR7PRUR93UN,focus,3982,on,1525293600371
A1CXB0JXEY20NV:345LHZDEDXSP0IFKE1DZR7PRUR93UN,focus,1893,off,1525293602264
A1CXB0JXEY20NV:345LHZDEDXSP0IFKE1DZR7PRUR93UN,focus,6453,on,1525293608717
A1CXB0JXEY20NV:345LHZDEDXSP0IFKE1DZR7PRUR93UN,focus,155425,off,1525293764142
A1CXB0JXEY20NV:345LHZDEDXSP0IFKE1DZR7PRUR93UN,focus,9381,on,1525293773523
A1CXB0JXEY20NV:345LHZDEDXSP0IFKE1DZR7PRUR93UN,focus,11605,off,1525293785128
A1CXB0JXEY20NV:345LHZDEDXSP0IFKE1DZR7PRUR93UN,focus,1766,on,1525293786894
A1CXB0JXEY20NV:345LHZDEDXSP0IFKE1DZR7PRUR93UN,focus,108139,off,1525293895033
A1CXB0JXEY20NV:345LHZDEDXSP0IFKE1DZR7PRUR93UN,focus,3402,on,1525293898435
A1CXB0JXEY20NV:345LHZDEDXSP0IFKE1DZR7PRUR93UN,focus,1770,off,1525293900205
A1CXB0JXEY20NV:345LHZDEDXSP0IFKE1DZR7PRUR93UN,focus,1677,on,1525293901882
AOWY4TEB0UCMX:30JNVC0OR9KC2XF2CDIWL0TCAB7QHY,initialized,0,,1525291962897
AOWY4TEB0UCMX:30JNVC0OR9KC2XF2CDIWL0TCAB7QHY,window_resize,0,"[1024, 721]",1525291962897
AOWY4TEB0UCMX:30JNVC0OR9KC2XF2CDIWL0TCAB7QHY,focus,17265,off,1525291980162
AOWY4TEB0UCMX:30JNVC0OR9KC2XF2CDIWL0TCAB7QHY,focus,5409,on,1525291985571
AOWY4TEB0UCMX:30JNVC0OR9KC2XF2CDIWL0TCAB7QHY,window_resize,480594,"[1366, 677]",1525292466165
AOWY4TEB0UCMX:30JNVC0OR9KC2XF2CDIWL0TCAB7QHY,window_resize,2926,"[1366, 768]",1525292469091
A2SKXKH9YXZYRI:3PJUZCGDJ6GDHNXNS7D4MSAOXSW98Z,initialized,0,,1525292016346
A2SKXKH9YXZYRI:3PJUZCGDJ6GDHNXNS7D4MSAOXSW98Z,window_resize,0,"[1024, 768]",1525292016346
A2SKXKH9YXZYRI:3PJUZCGDJ6GDHNXNS7D4MSAOXSW98Z,focus,14973,off,1525292031319
A2SKXKH9YXZYRI:3PJUZCGDJ6GDHNXNS7D4MSAOXSW98Z,focus,24467,on,1525292055786
A2SKXKH9YXZYRI:3PJUZCGDJ6GDHNXNS7D4MSAOXSW98Z,focus,5125,off,1525292060911
A2SKXKH9YXZYRI:3PJUZCGDJ6GDHNXNS7D4MSAOXSW98Z,focus,2179,on,1525292063090
A84AEHMPCHNL1:35LDD5557A4CJ8IIQ5ECHJPZSR8MK5,initialized,0,,1525292081957
A84AEHMPCHNL1:35LDD5557A4CJ8IIQ5ECHJPZSR8MK5,window_resize,0,"[1024, 721]",1525292081957
A84AEHMPCHNL1:35LDD5557A4CJ8IIQ5ECHJPZSR8MK5,window_resize,5945,"[1366, 677]",1525292087902
A84AEHMPCHNL1:35LDD5557A4CJ8IIQ5ECHJPZSR8MK5,window_resize,39989,"[1024, 721]",1525292127891
A84AEHMPCHNL1:35LDD5557A4CJ8IIQ5ECHJPZSR8MK5,focus,2222,off,1525292130113
A84AEHMPCHNL1:35LDD5557A4CJ8IIQ5ECHJPZSR8MK5,focus,4200,on,1525292134313
A84AEHMPCHNL1:35LDD5557A4CJ8IIQ5ECHJPZSR8MK5,focus,39344,off,1525292173657
A84AEHMPCHNL1:35LDD5557A4CJ8IIQ5ECHJPZSR8MK5,focus,4798,on,1525292178455
A84AEHMPCHNL1:35LDD5557A4CJ8IIQ5ECHJPZSR8MK5,window_resize,51943,"[1366, 677]",1525292230398
A84AEHMPCHNL1:35LDD5557A4CJ8IIQ5ECHJPZSR8MK5,focus,441141,off,1525292671539
A84AEHMPCHNL1:35LDD5557A4CJ8IIQ5ECHJPZSR8MK5,focus,7504,on,1525292679043
A84AEHMPCHNL1:35LDD5557A4CJ8IIQ5ECHJPZSR8MK5,window_resize,1423670,"[1024, 721]",1525294102713
A84AEHMPCHNL1:35LDD5557A4CJ8IIQ5ECHJPZSR8MK5,window_resize,4360,"[1366, 677]",1525294107073
A27W025UEXS1G0:392CY0QWG1R59N3OKYT4I9TMEW4I41,initialized,0,,1525292393431
A27W025UEXS1G0:392CY0QWG1R59N3OKYT4I9TMEW4I41,window_resize,0,"[1920, 970]",1525292393431
A27W025UEXS1G0:392CY0QWG1R59N3OKYT4I9TMEW4I41,focus,1433,off,1525292394864
A27W025UEXS1G0:392CY0QWG1R59N3OKYT4I9TMEW4I41,focus,7280,on,1525292402144
AXT49VCFZDGW8:3TDXMTX3CBUJOA723MMJF7D0ANAI6M,initialized,0,,1525293102763
AXT49VCFZDGW8:3TDXMTX3CBUJOA723MMJF7D0ANAI6M,window_resize,0,"[1024, 768]",1525293102763
A16G6PPH1INQL8:3I33IC7ZWF2G0R534WI38W85HAY2AG,initialized,0,,1525293105874
A16G6PPH1INQL8:3I33IC7ZWF2G0R534WI38W85HAY2AG,window_resize,0,"[1024, 721]",1525293105874
A16G6PPH1INQL8:3I33IC7ZWF2G0R534WI38W85HAY2AG,focus,14616,off,1525293120490
A16G6PPH1INQL8:3I33IC7ZWF2G0R534WI38W85HAY2AG,focus,2874,on,1525293123364
A16G6PPH1INQL8:3I33IC7ZWF2G0R534WI38W85HAY2AG,focus,32720,off,1525293156084
A16G6PPH1INQL8:3I33IC7ZWF2G0R534WI38W85HAY2AG,focus,3131,on,1525293159215
A16G6PPH1INQL8:3I33IC7ZWF2G0R534WI38W85HAY2AG,focus,46387,off,1525293205602
A16G6PPH1INQL8:3I33IC7ZWF2G0R534WI38W85HAY2AG,focus,145606,on,1525293351208
A16G6PPH1INQL8:3I33IC7ZWF2G0R534WI38W85HAY2AG,window_resize,1406,"[1366, 717]",1525293352614
A16G6PPH1INQL8:3I33IC7ZWF2G0R534WI38W85HAY2AG,window_resize,382758,"[1024, 721]",1525293735372
A16G6PPH1INQL8:3I33IC7ZWF2G0R534WI38W85HAY2AG,focus,1138,off,1525293736510
A16G6PPH1INQL8:3I33IC7ZWF2G0R534WI38W85HAY2AG,focus,3647,on,1525293740157
A16G6PPH1INQL8:3I33IC7ZWF2G0R534WI38W85HAY2AG,window_resize,375,"[1366, 717]",1525293740532
A2IRBZJJEB9P5E:3RU7GD8VPOTGSUS3NUF6P9A4EQXSPP,initialized,0,,1525294932336
A2IRBZJJEB9P5E:3RU7GD8VPOTGSUS3NUF6P9A4EQXSPP,window_resize,0,"[922, 652]",1525294932336
A2IRBZJJEB9P5E:3RU7GD8VPOTGSUS3NUF6P9A4EQXSPP,focus,152,on,1525294932488
A2IRBZJJEB9P5E:3RU7GD8VPOTGSUS3NUF6P9A4EQXSPP,focus,2784,off,1525294935272
A2IRBZJJEB9P5E:3RU7GD8VPOTGSUS3NUF6P9A4EQXSPP,window_resize,214,"[1366, 668]",1525294935486
A2IRBZJJEB9P5E:3RU7GD8VPOTGSUS3NUF6P9A4EQXSPP,focus,724,on,1525294936210
A2IRBZJJEB9P5E:3RU7GD8VPOTGSUS3NUF6P9A4EQXSPP,focus,321142,off,1525295257352
A2IRBZJJEB9P5E:3RU7GD8VPOTGSUS3NUF6P9A4EQXSPP,focus,752,on,1525295258104
A5X1KZ9CCHREK:3I3WADAZ9Q4X1SIRWYPJ7YVMQ1VO54,initialized,0,,1525294227818
A5X1KZ9CCHREK:3I3WADAZ9Q4X1SIRWYPJ7YVMQ1VO54,window_resize,1,"[1024, 554]",1525294227819
A5X1KZ9CCHREK:3I3WADAZ9Q4X1SIRWYPJ7YVMQ1VO54,focus,361624,off,1525294589443
A5X1KZ9CCHREK:3I3WADAZ9Q4X1SIRWYPJ7YVMQ1VO54,focus,62661,on,1525294652104
A5X1KZ9CCHREK:3I3WADAZ9Q4X1SIRWYPJ7YVMQ1VO54,focus,15487,off,1525294667591
A5X1KZ9CCHREK:3I3WADAZ9Q4X1SIRWYPJ7YVMQ1VO54,focus,6236,on,1525294673827
A5X1KZ9CCHREK:3I3WADAZ9Q4X1SIRWYPJ7YVMQ1VO54,focus,757762,off,1525295431589
A5X1KZ9CCHREK:3I3WADAZ9Q4X1SIRWYPJ7YVMQ1VO54,focus,17353,on,1525295448942
A5X1KZ9CCHREK:3I3WADAZ9Q4X1SIRWYPJ7YVMQ1VO54,focus,6447,off,1525295455389
A5X1KZ9CCHREK:3I3WADAZ9Q4X1SIRWYPJ7YVMQ1VO54,focus,13301,on,1525295468690
A5X1KZ9CCHREK:3I3WADAZ9Q4X1SIRWYPJ7YVMQ1VO54,focus,918501,off,1525296387191
A5X1KZ9CCHREK:3I3WADAZ9Q4X1SIRWYPJ7YVMQ1VO54,focus,2334,on,1525296389525
A5X1KZ9CCHREK:3I3WADAZ9Q4X1SIRWYPJ7YVMQ1VO54,focus,68364,off,1525296457889
A5X1KZ9CCHREK:3I3WADAZ9Q4X1SIRWYPJ7YVMQ1VO54,focus,13994,on,1525296471883
A1VLRMNX5OSDNJ:3WYGZ5XF3WFFH3VNA2AYTSO5KGWSKT,initialized,0,,1525294258580
A1VLRMNX5OSDNJ:3WYGZ5XF3WFFH3VNA2AYTSO5KGWSKT,window_resize,0,"[1024, 723]",1525294258580
A1VLRMNX5OSDNJ:3WYGZ5XF3WFFH3VNA2AYTSO5KGWSKT,focus,16029,off,1525294274609
A1VLRMNX5OSDNJ:3WYGZ5XF3WFFH3VNA2AYTSO5KGWSKT,focus,1955,on,1525294276564
A1VLRMNX5OSDNJ:3WYGZ5XF3WFFH3VNA2AYTSO5KGWSKT,window_resize,3158,"[1024, 677]",1525294279722
A34SLWTNACPBMO:3WJ1OXY92AGRM67SKDR4INL83BU8AV,initialized,0,,1525295457901
A34SLWTNACPBMO:3WJ1OXY92AGRM67SKDR4INL83BU8AV,window_resize,0,"[1559, 827]",1525295457901
A34SLWTNACPBMO:3WJ1OXY92AGRM67SKDR4INL83BU8AV,focus,21812,off,1525295479713
A34SLWTNACPBMO:3WJ1OXY92AGRM67SKDR4INL83BU8AV,focus,2681,on,1525295482394
A34SLWTNACPBMO:3WJ1OXY92AGRM67SKDR4INL83BU8AV,focus,506126,off,1525295988520
A34SLWTNACPBMO:3WJ1OXY92AGRM67SKDR4INL83BU8AV,focus,1788,on,1525295990308
A3MF31JQ350ABS:3ND9UOO81K2J8QUEF7W05H45FUYLW7,initialized,0,,1525295907577
A3MF31JQ350ABS:3ND9UOO81K2J8QUEF7W05H45FUYLW7,window_resize,0,"[1024, 721]",1525295907577
A3MF31JQ350ABS:3ND9UOO81K2J8QUEF7W05H45FUYLW7,focus,13716,off,1525295921293
A3MF31JQ350ABS:3ND9UOO81K2J8QUEF7W05H45FUYLW7,focus,8104,on,1525295929397
A3MF31JQ350ABS:3ND9UOO81K2J8QUEF7W05H45FUYLW7,focus,1043311,off,1525296972708
A3MF31JQ350ABS:3ND9UOO81K2J8QUEF7W05H45FUYLW7,focus,1578,on,1525296974286
A3MF31JQ350ABS:3ND9UOO81K2J8QUEF7W05H45FUYLW7,focus,127136,off,1525297101422
A3MF31JQ350ABS:3ND9UOO81K2J8QUEF7W05H45FUYLW7,focus,3609,on,1525297105031
A3MF31JQ350ABS:3ND9UOO81K2J8QUEF7W05H45FUYLW7,focus,32063,off,1525297137094
A3MF31JQ350ABS:3ND9UOO81K2J8QUEF7W05H45FUYLW7,focus,2943,on,1525297140037
A16SJ5D3DKUEXJ:37UEWGM5HT81AN9ON34BY3NAP9CR12,initialized,0,,1525296649793
A16SJ5D3DKUEXJ:37UEWGM5HT81AN9ON34BY3NAP9CR12,window_resize,0,"[1024, 759]",1525296649793
A16SJ5D3DKUEXJ:37UEWGM5HT81AN9ON34BY3NAP9CR12,focus,160224,off,1525296810017
A16SJ5D3DKUEXJ:37UEWGM5HT81AN9ON34BY3NAP9CR12,focus,1788,on,1525296811805
A16SJ5D3DKUEXJ:37UEWGM5HT81AN9ON34BY3NAP9CR12,focus,1498,off,1525296813303
A16SJ5D3DKUEXJ:37UEWGM5HT81AN9ON34BY3NAP9CR12,focus,9775,on,1525296823078
A16SJ5D3DKUEXJ:37UEWGM5HT81AN9ON34BY3NAP9CR12,focus,1141,off,1525296824219
A16SJ5D3DKUEXJ:37UEWGM5HT81AN9ON34BY3NAP9CR12,focus,954,on,1525296825173
A16SJ5D3DKUEXJ:37UEWGM5HT81AN9ON34BY3NAP9CR12,focus,6553,off,1525296831726
A16SJ5D3DKUEXJ:37UEWGM5HT81AN9ON34BY3NAP9CR12,focus,2614,on,1525296834340
A1YPDVVWHZWDZ9:3ZV9H2YQQD72SM4P91S09VAOF8E3WI,initialized,0,,1525298975717
A1YPDVVWHZWDZ9:3ZV9H2YQQD72SM4P91S09VAOF8E3WI,window_resize,0,"[1024, 721]",1525298975717
A1YPDVVWHZWDZ9:3ZV9H2YQQD72SM4P91S09VAOF8E3WI,focus,10002,off,1525298985719
A1YPDVVWHZWDZ9:3ZV9H2YQQD72SM4P91S09VAOF8E3WI,focus,6843,on,1525298992562
A1YPDVVWHZWDZ9:3ZV9H2YQQD72SM4P91S09VAOF8E3WI,window_resize,130293,"[1025, 721]",1525299122855
A1YPDVVWHZWDZ9:3ZV9H2YQQD72SM4P91S09VAOF8E3WI,window_resize,63851,"[1366, 677]",1525299186706
A3EWTW55UCNAHG:3GGAI1SQEVYU0A6UYSXET0CRNJCMC7,initialized,0,,1525299366221
A3EWTW55UCNAHG:3GGAI1SQEVYU0A6UYSXET0CRNJCMC7,window_resize,0,"[1024, 768]",1525299366221
A3EWTW55UCNAHG:3GGAI1SQEVYU0A6UYSXET0CRNJCMC7,focus,12960,off,1525299379181
A3EWTW55UCNAHG:3GGAI1SQEVYU0A6UYSXET0CRNJCMC7,focus,13552,on,1525299392733
A3EWTW55UCNAHG:3GGAI1SQEVYU0A6UYSXET0CRNJCMC7,focus,1748,off,1525299394481
A3EWTW55UCNAHG:3GGAI1SQEVYU0A6UYSXET0CRNJCMC7,focus,2209,on,1525299396690
AA0AU5KTGOHQR:3IOEN3P9S7J8O4B4VF1DN8WETM861T,initialized,0,,1525299488074
AA0AU5KTGOHQR:3IOEN3P9S7J8O4B4VF1DN8WETM861T,window_resize,0,"[1024, 721]",1525299488074
AA0AU5KTGOHQR:3IOEN3P9S7J8O4B4VF1DN8WETM861T,window_resize,1243,"[1024, 698]",1525299489317
AA0AU5KTGOHQR:3IOEN3P9S7J8O4B4VF1DN8WETM861T,window_resize,5204,"[1024, 685]",1525299494521
AA0AU5KTGOHQR:3IOEN3P9S7J8O4B4VF1DN8WETM861T,window_resize,243,"[1024, 681]",1525299494764
AA0AU5KTGOHQR:3IOEN3P9S7J8O4B4VF1DN8WETM861T,window_resize,1624,"[1366, 677]",1525299496388
AA0AU5KTGOHQR:3IOEN3P9S7J8O4B4VF1DN8WETM861T,window_resize,4870,"[1024, 681]",1525299501258
AA0AU5KTGOHQR:3IOEN3P9S7J8O4B4VF1DN8WETM861T,focus,1671,off,1525299502929
AA0AU5KTGOHQR:3IOEN3P9S7J8O4B4VF1DN8WETM861T,focus,3796,on,1525299506725
AA0AU5KTGOHQR:3IOEN3P9S7J8O4B4VF1DN8WETM861T,window_resize,1170,"[1366, 677]",1525299507895
AA0AU5KTGOHQR:3IOEN3P9S7J8O4B4VF1DN8WETM861T,focus,250665,off,1525299758560
AA0AU5KTGOHQR:3IOEN3P9S7J8O4B4VF1DN8WETM861T,focus,2717,on,1525299761277
AA0AU5KTGOHQR:3IOEN3P9S7J8O4B4VF1DN8WETM861T,focus,426996,off,1525300188273
AA0AU5KTGOHQR:3IOEN3P9S7J8O4B4VF1DN8WETM861T,focus,4336,on,1525300192609
AA0AU5KTGOHQR:3IOEN3P9S7J8O4B4VF1DN8WETM861T,focus,336104,off,1525300528713
AA0AU5KTGOHQR:3IOEN3P9S7J8O4B4VF1DN8WETM861T,focus,284,on,1525300528997
AA0AU5KTGOHQR:3IOEN3P9S7J8O4B4VF1DN8WETM861T,focus,908369,off,1525301437366
AA0AU5KTGOHQR:3IOEN3P9S7J8O4B4VF1DN8WETM861T,focus,41405,on,1525301478771
AA0AU5KTGOHQR:3IOEN3P9S7J8O4B4VF1DN8WETM861T,focus,3163,off,1525301481934
AA0AU5KTGOHQR:3IOEN3P9S7J8O4B4VF1DN8WETM861T,focus,56927,on,1525301538861
AA0AU5KTGOHQR:3IOEN3P9S7J8O4B4VF1DN8WETM861T,focus,1025,off,1525301539886
AA0AU5KTGOHQR:3IOEN3P9S7J8O4B4VF1DN8WETM861T,focus,368767,on,1525301908653
ATXY4CAGV87ZL:3CCZ6YKWR7JUU5ELU961A80XV3M95Q,initialized,0,,1525303620238
ATXY4CAGV87ZL:3CCZ6YKWR7JUU5ELU961A80XV3M95Q,window_resize,0,"[1920, 989]",1525303620238
A1PMZUBGXFANCI:31T4R4OBOSGBF7Z7UMVPAIF1SULC7Q,initialized,0,,1525300407613
A1PMZUBGXFANCI:31T4R4OBOSGBF7Z7UMVPAIF1SULC7Q,window_resize,0,"[1024, 768]",1525300407613
A1PMZUBGXFANCI:31T4R4OBOSGBF7Z7UMVPAIF1SULC7Q,window_resize,117546,"[1600, 819]",1525300525159
A1PMZUBGXFANCI:31T4R4OBOSGBF7Z7UMVPAIF1SULC7Q,focus,382078,off,1525300907237
A1PMZUBGXFANCI:31T4R4OBOSGBF7Z7UMVPAIF1SULC7Q,focus,4243,on,1525300911480
A1PMZUBGXFANCI:31T4R4OBOSGBF7Z7UMVPAIF1SULC7Q,focus,215595,off,1525301127075
A1PMZUBGXFANCI:31T4R4OBOSGBF7Z7UMVPAIF1SULC7Q,focus,1865,on,1525301128940
A1PMZUBGXFANCI:31T4R4OBOSGBF7Z7UMVPAIF1SULC7Q,focus,275428,off,1525301404368
A1PMZUBGXFANCI:31T4R4OBOSGBF7Z7UMVPAIF1SULC7Q,focus,5957,on,1525301410325
A1PMZUBGXFANCI:31T4R4OBOSGBF7Z7UMVPAIF1SULC7Q,focus,19608,off,1525301429933
A1PMZUBGXFANCI:31T4R4OBOSGBF7Z7UMVPAIF1SULC7Q,focus,3553,on,1525301433486
A1PMZUBGXFANCI:31T4R4OBOSGBF7Z7UMVPAIF1SULC7Q,focus,2604,off,1525301436090
A1PMZUBGXFANCI:31T4R4OBOSGBF7Z7UMVPAIF1SULC7Q,focus,4371,on,1525301440461
A1PMZUBGXFANCI:31T4R4OBOSGBF7Z7UMVPAIF1SULC7Q,focus,360245,off,1525301800706
A1PMZUBGXFANCI:31T4R4OBOSGBF7Z7UMVPAIF1SULC7Q,focus,1714,on,1525301802420
A1PMZUBGXFANCI:31T4R4OBOSGBF7Z7UMVPAIF1SULC7Q,focus,184787,off,1525301987207
A1PMZUBGXFANCI:31T4R4OBOSGBF7Z7UMVPAIF1SULC7Q,focus,5293,on,1525301992500
A2FLZP3C6U67JY:3HQUKB7LNFEZP4GZTNV2CM1BJPHHH1,initialized,0,,1525300705706
A2FLZP3C6U67JY:3HQUKB7LNFEZP4GZTNV2CM1BJPHHH1,window_resize,0,"[1600, 849]",1525300705706
A2FLZP3C6U67JY:3HQUKB7LNFEZP4GZTNV2CM1BJPHHH1,window_resize,11792,"[1024, 768]",1525300717498
A2FLZP3C6U67JY:3HQUKB7LNFEZP4GZTNV2CM1BJPHHH1,focus,1077,off,1525300718575
A2FLZP3C6U67JY:3HQUKB7LNFEZP4GZTNV2CM1BJPHHH1,focus,4814,on,1525300723389
A2FLZP3C6U67JY:3HQUKB7LNFEZP4GZTNV2CM1BJPHHH1,window_resize,1482,"[1600, 849]",1525300724871
A2FLZP3C6U67JY:3HQUKB7LNFEZP4GZTNV2CM1BJPHHH1,focus,1379735,off,1525302104606
A2FLZP3C6U67JY:3HQUKB7LNFEZP4GZTNV2CM1BJPHHH1,focus,6271,on,1525302110877
A2NY4882G47O1C:3A9AA95ATWMFMSUSBY2YWY0C0755PI,initialized,0,,1525301054912
A2NY4882G47O1C:3A9AA95ATWMFMSUSBY2YWY0C0755PI,window_resize,0,"[1022, 651]",1525301054912
A2NY4882G47O1C:3A9AA95ATWMFMSUSBY2YWY0C0755PI,focus,422,on,1525301055334
A2NY4882G47O1C:3A9AA95ATWMFMSUSBY2YWY0C0755PI,focus,21218,off,1525301076552
A2NY4882G47O1C:3A9AA95ATWMFMSUSBY2YWY0C0755PI,focus,20438,on,1525301096990
A2NY4882G47O1C:3A9AA95ATWMFMSUSBY2YWY0C0755PI,window_resize,30812,"[1366, 668]",1525301127802
A385F5ZBEV6GWD:358UUM7WRZ3FL9OQCJLKZDENSVL7RO,initialized,0,,1525301272690
A385F5ZBEV6GWD:358UUM7WRZ3FL9OQCJLKZDENSVL7RO,window_resize,0,"[1024, 768]",1525301272690
A385F5ZBEV6GWD:358UUM7WRZ3FL9OQCJLKZDENSVL7RO,focus,15439,off,1525301288129
A385F5ZBEV6GWD:358UUM7WRZ3FL9OQCJLKZDENSVL7RO,focus,3206,on,1525301291335
A385F5ZBEV6GWD:358UUM7WRZ3FL9OQCJLKZDENSVL7RO,window_resize,77622,"[1239, 768]",1525301368957
A385F5ZBEV6GWD:358UUM7WRZ3FL9OQCJLKZDENSVL7RO,window_resize,2151,"[1239, 845]",1525301371108
A385F5ZBEV6GWD:358UUM7WRZ3FL9OQCJLKZDENSVL7RO,focus,1099910,off,1525302471018
A385F5ZBEV6GWD:358UUM7WRZ3FL9OQCJLKZDENSVL7RO,focus,5626,on,1525302476644
A385F5ZBEV6GWD:358UUM7WRZ3FL9OQCJLKZDENSVL7RO,focus,265097,off,1525302741741
A385F5ZBEV6GWD:358UUM7WRZ3FL9OQCJLKZDENSVL7RO,focus,5003,on,1525302746744
A385F5ZBEV6GWD:358UUM7WRZ3FL9OQCJLKZDENSVL7RO,focus,1235410,off,1525303982154
A385F5ZBEV6GWD:358UUM7WRZ3FL9OQCJLKZDENSVL7RO,focus,6035,on,1525303988189
AXO22N46CSNVT:3BDCF01OGXUNXVPEU8EOQEPLQ2DLYL,initialized,0,,1525302260424
AXO22N46CSNVT:3BDCF01OGXUNXVPEU8EOQEPLQ2DLYL,window_resize,0,"[1024, 652]",1525302260424
AXO22N46CSNVT:3BDCF01OGXUNXVPEU8EOQEPLQ2DLYL,focus,172,on,1525302260596
AXO22N46CSNVT:3BDCF01OGXUNXVPEU8EOQEPLQ2DLYL,focus,16142,off,1525302276738
AXO22N46CSNVT:3BDCF01OGXUNXVPEU8EOQEPLQ2DLYL,focus,10058,on,1525302286796
AXO22N46CSNVT:3BDCF01OGXUNXVPEU8EOQEPLQ2DLYL,window_resize,25120,"[1366, 668]",1525302311916
AR4XFM7G1W0VQ:338JKRMM26ZKFH8LNHLAV0E76UUAHM,initialized,0,,1525302378930
AR4XFM7G1W0VQ:338JKRMM26ZKFH8LNHLAV0E76UUAHM,window_resize,0,"[1024, 727]",1525302378930
AR4XFM7G1W0VQ:338JKRMM26ZKFH8LNHLAV0E76UUAHM,focus,255707,off,1525302634637
AR4XFM7G1W0VQ:338JKRMM26ZKFH8LNHLAV0E76UUAHM,focus,2729,on,1525302637366
AR4XFM7G1W0VQ:338JKRMM26ZKFH8LNHLAV0E76UUAHM,focus,2037221,off,1525304674587
AR4XFM7G1W0VQ:338JKRMM26ZKFH8LNHLAV0E76UUAHM,focus,3283,on,1525304677870
AR4XFM7G1W0VQ:338JKRMM26ZKFH8LNHLAV0E76UUAHM,focus,115908,off,1525304793778
AR4XFM7G1W0VQ:338JKRMM26ZKFH8LNHLAV0E76UUAHM,focus,6075,on,1525304799853
A39XIQCFSCNHFU:39PAAFCODM0UCE2EY6TV56V82YYVTQ,initialized,0,,1525303205428
A39XIQCFSCNHFU:39PAAFCODM0UCE2EY6TV56V82YYVTQ,window_resize,0,"[1024, 768]",1525303205428
A39XIQCFSCNHFU:39PAAFCODM0UCE2EY6TV56V82YYVTQ,focus,304,off,1525303205732
A39XIQCFSCNHFU:39PAAFCODM0UCE2EY6TV56V82YYVTQ,focus,1428,on,1525303207160
A39XIQCFSCNHFU:39PAAFCODM0UCE2EY6TV56V82YYVTQ,focus,12932,off,1525303220092
A39XIQCFSCNHFU:39PAAFCODM0UCE2EY6TV56V82YYVTQ,focus,6866,on,1525303226958
A39XIQCFSCNHFU:39PAAFCODM0UCE2EY6TV56V82YYVTQ,focus,7597,off,1525303234555
A39XIQCFSCNHFU:39PAAFCODM0UCE2EY6TV56V82YYVTQ,focus,3214,on,1525303237769
A39XIQCFSCNHFU:39PAAFCODM0UCE2EY6TV56V82YYVTQ,focus,24915,off,1525303262684
A39XIQCFSCNHFU:39PAAFCODM0UCE2EY6TV56V82YYVTQ,focus,17564,on,1525303280248
A39XIQCFSCNHFU:39PAAFCODM0UCE2EY6TV56V82YYVTQ,focus,44907,off,1525303325155
A39XIQCFSCNHFU:39PAAFCODM0UCE2EY6TV56V82YYVTQ,focus,1843,on,1525303326998
A39XIQCFSCNHFU:39PAAFCODM0UCE2EY6TV56V82YYVTQ,focus,12836,off,1525303339834
A39XIQCFSCNHFU:39PAAFCODM0UCE2EY6TV56V82YYVTQ,focus,24067,on,1525303363901
A39XIQCFSCNHFU:39PAAFCODM0UCE2EY6TV56V82YYVTQ,focus,13549,off,1525303377450
A39XIQCFSCNHFU:39PAAFCODM0UCE2EY6TV56V82YYVTQ,focus,14702,on,1525303392152
A39XIQCFSCNHFU:39PAAFCODM0UCE2EY6TV56V82YYVTQ,focus,20433,off,1525303412585
A39XIQCFSCNHFU:39PAAFCODM0UCE2EY6TV56V82YYVTQ,focus,1606,on,1525303414191
A39XIQCFSCNHFU:39PAAFCODM0UCE2EY6TV56V82YYVTQ,focus,2850,off,1525303417041
A39XIQCFSCNHFU:39PAAFCODM0UCE2EY6TV56V82YYVTQ,focus,41623,on,1525303458664
A39XIQCFSCNHFU:39PAAFCODM0UCE2EY6TV56V82YYVTQ,focus,41354,off,1525303500018
A39XIQCFSCNHFU:39PAAFCODM0UCE2EY6TV56V82YYVTQ,focus,2947,on,1525303502965
A39XIQCFSCNHFU:39PAAFCODM0UCE2EY6TV56V82YYVTQ,focus,764,off,1525303503729
A39XIQCFSCNHFU:39PAAFCODM0UCE2EY6TV56V82YYVTQ,focus,3987,on,1525303507716
A39XIQCFSCNHFU:39PAAFCODM0UCE2EY6TV56V82YYVTQ,focus,1621,off,1525303509337
A39XIQCFSCNHFU:39PAAFCODM0UCE2EY6TV56V82YYVTQ,focus,4419,on,1525303513756
A39XIQCFSCNHFU:39PAAFCODM0UCE2EY6TV56V82YYVTQ,focus,733,off,1525303514489
A39XIQCFSCNHFU:39PAAFCODM0UCE2EY6TV56V82YYVTQ,focus,5892,on,1525303520381
A39XIQCFSCNHFU:39PAAFCODM0UCE2EY6TV56V82YYVTQ,focus,13292,off,1525303533673
A39XIQCFSCNHFU:39PAAFCODM0UCE2EY6TV56V82YYVTQ,focus,3603,on,1525303537276
A39XIQCFSCNHFU:39PAAFCODM0UCE2EY6TV56V82YYVTQ,focus,8748,off,1525303546024
A39XIQCFSCNHFU:39PAAFCODM0UCE2EY6TV56V82YYVTQ,focus,2876,on,1525303548900
A39XIQCFSCNHFU:39PAAFCODM0UCE2EY6TV56V82YYVTQ,focus,621,off,1525303549521
A39XIQCFSCNHFU:39PAAFCODM0UCE2EY6TV56V82YYVTQ,focus,6658,on,1525303556179
A39XIQCFSCNHFU:39PAAFCODM0UCE2EY6TV56V82YYVTQ,focus,143742,off,1525303699921
A39XIQCFSCNHFU:39PAAFCODM0UCE2EY6TV56V82YYVTQ,focus,112595,on,1525303812516
A39XIQCFSCNHFU:39PAAFCODM0UCE2EY6TV56V82YYVTQ,focus,29892,off,1525303842408
A39XIQCFSCNHFU:39PAAFCODM0UCE2EY6TV56V82YYVTQ,focus,5577,on,1525303847985
A39XIQCFSCNHFU:39PAAFCODM0UCE2EY6TV56V82YYVTQ,focus,734,off,1525303848719
A39XIQCFSCNHFU:39PAAFCODM0UCE2EY6TV56V82YYVTQ,focus,5473,on,1525303854192
A39XIQCFSCNHFU:39PAAFCODM0UCE2EY6TV56V82YYVTQ,focus,4423,off,1525303858615
A39XIQCFSCNHFU:39PAAFCODM0UCE2EY6TV56V82YYVTQ,focus,1485,on,1525303860100
A39XIQCFSCNHFU:39PAAFCODM0UCE2EY6TV56V82YYVTQ,focus,2130,off,1525303862230
A39XIQCFSCNHFU:39PAAFCODM0UCE2EY6TV56V82YYVTQ,focus,59267,on,1525303921497
A39XIQCFSCNHFU:39PAAFCODM0UCE2EY6TV56V82YYVTQ,focus,24285,off,1525303945782
A39XIQCFSCNHFU:39PAAFCODM0UCE2EY6TV56V82YYVTQ,focus,75931,on,1525304021713
A39XIQCFSCNHFU:39PAAFCODM0UCE2EY6TV56V82YYVTQ,focus,38611,off,1525304060324
A39XIQCFSCNHFU:39PAAFCODM0UCE2EY6TV56V82YYVTQ,focus,1959,on,1525304062283
A39XIQCFSCNHFU:39PAAFCODM0UCE2EY6TV56V82YYVTQ,focus,19889,off,1525304082172
A39XIQCFSCNHFU:39PAAFCODM0UCE2EY6TV56V82YYVTQ,focus,954,on,1525304083126
A39XIQCFSCNHFU:39PAAFCODM0UCE2EY6TV56V82YYVTQ,focus,20126,off,1525304103252
A39XIQCFSCNHFU:39PAAFCODM0UCE2EY6TV56V82YYVTQ,focus,124412,on,1525304227664
A39XIQCFSCNHFU:39PAAFCODM0UCE2EY6TV56V82YYVTQ,focus,102020,off,1525304329684
A39XIQCFSCNHFU:39PAAFCODM0UCE2EY6TV56V82YYVTQ,focus,3147,on,1525304332831
A39XIQCFSCNHFU:39PAAFCODM0UCE2EY6TV56V82YYVTQ,focus,1149,off,1525304333980
A39XIQCFSCNHFU:39PAAFCODM0UCE2EY6TV56V82YYVTQ,focus,524,on,1525304334504
A39XIQCFSCNHFU:39PAAFCODM0UCE2EY6TV56V82YYVTQ,focus,5938,off,1525304340442
A39XIQCFSCNHFU:39PAAFCODM0UCE2EY6TV56V82YYVTQ,focus,1051,on,1525304341493
A39XIQCFSCNHFU:39PAAFCODM0UCE2EY6TV56V82YYVTQ,focus,77670,off,1525304419163
A39XIQCFSCNHFU:39PAAFCODM0UCE2EY6TV56V82YYVTQ,focus,6435,on,1525304425598
A39XIQCFSCNHFU:39PAAFCODM0UCE2EY6TV56V82YYVTQ,focus,26371,off,1525304451969
A39XIQCFSCNHFU:39PAAFCODM0UCE2EY6TV56V82YYVTQ,focus,556,on,1525304452525
A39XIQCFSCNHFU:39PAAFCODM0UCE2EY6TV56V82YYVTQ,focus,9981,off,1525304462506
A39XIQCFSCNHFU:39PAAFCODM0UCE2EY6TV56V82YYVTQ,focus,509,on,1525304463015
A39XIQCFSCNHFU:39PAAFCODM0UCE2EY6TV56V82YYVTQ,focus,3386,off,1525304466401
A39XIQCFSCNHFU:39PAAFCODM0UCE2EY6TV56V82YYVTQ,focus,459,on,1525304466860
A39XIQCFSCNHFU:39PAAFCODM0UCE2EY6TV56V82YYVTQ,focus,15981,off,1525304482841
A39XIQCFSCNHFU:39PAAFCODM0UCE2EY6TV56V82YYVTQ,focus,780,on,1525304483621
A39XIQCFSCNHFU:39PAAFCODM0UCE2EY6TV56V82YYVTQ,focus,59260,off,1525304542881
A39XIQCFSCNHFU:39PAAFCODM0UCE2EY6TV56V82YYVTQ,focus,499,on,1525304543380
A39XIQCFSCNHFU:39PAAFCODM0UCE2EY6TV56V82YYVTQ,focus,22078,off,1525304565458
A39XIQCFSCNHFU:39PAAFCODM0UCE2EY6TV56V82YYVTQ,focus,827,on,1525304566285
A39XIQCFSCNHFU:39PAAFCODM0UCE2EY6TV56V82YYVTQ,focus,28588,off,1525304594873
A39XIQCFSCNHFU:39PAAFCODM0UCE2EY6TV56V82YYVTQ,focus,1474,on,1525304596347
A39XIQCFSCNHFU:39PAAFCODM0UCE2EY6TV56V82YYVTQ,focus,2581,off,1525304598928
A39XIQCFSCNHFU:39PAAFCODM0UCE2EY6TV56V82YYVTQ,focus,1340,on,1525304600268
A39XIQCFSCNHFU:39PAAFCODM0UCE2EY6TV56V82YYVTQ,focus,565,off,1525304600833
A39XIQCFSCNHFU:39PAAFCODM0UCE2EY6TV56V82YYVTQ,focus,604,on,1525304601437
A39XIQCFSCNHFU:39PAAFCODM0UCE2EY6TV56V82YYVTQ,focus,884,off,1525304602321
A39XIQCFSCNHFU:39PAAFCODM0UCE2EY6TV56V82YYVTQ,focus,1559,on,1525304603880
A39XIQCFSCNHFU:39PAAFCODM0UCE2EY6TV56V82YYVTQ,focus,39961,off,1525304643841
A39XIQCFSCNHFU:39PAAFCODM0UCE2EY6TV56V82YYVTQ,focus,882,on,1525304644723
A39XIQCFSCNHFU:39PAAFCODM0UCE2EY6TV56V82YYVTQ,focus,3933,off,1525304648656
A39XIQCFSCNHFU:39PAAFCODM0UCE2EY6TV56V82YYVTQ,focus,475,on,1525304649131
A39XIQCFSCNHFU:39PAAFCODM0UCE2EY6TV56V82YYVTQ,focus,742,off,1525304649873
A39XIQCFSCNHFU:39PAAFCODM0UCE2EY6TV56V82YYVTQ,focus,571,on,1525304650444
A39XIQCFSCNHFU:39PAAFCODM0UCE2EY6TV56V82YYVTQ,focus,19308,off,1525304669752
A39XIQCFSCNHFU:39PAAFCODM0UCE2EY6TV56V82YYVTQ,focus,1507,on,1525304671259
A39XIQCFSCNHFU:39PAAFCODM0UCE2EY6TV56V82YYVTQ,focus,75477,off,1525304746736
A39XIQCFSCNHFU:39PAAFCODM0UCE2EY6TV56V82YYVTQ,focus,7867,on,1525304754603
A39XIQCFSCNHFU:39PAAFCODM0UCE2EY6TV56V82YYVTQ,focus,97348,off,1525304851951
A39XIQCFSCNHFU:39PAAFCODM0UCE2EY6TV56V82YYVTQ,focus,192757,on,1525305044708
A39XIQCFSCNHFU:39PAAFCODM0UCE2EY6TV56V82YYVTQ,focus,61042,off,1525305105750
A39XIQCFSCNHFU:39PAAFCODM0UCE2EY6TV56V82YYVTQ,focus,4303,on,1525305110053
A39XIQCFSCNHFU:39PAAFCODM0UCE2EY6TV56V82YYVTQ,focus,15968,off,1525305126021
A39XIQCFSCNHFU:39PAAFCODM0UCE2EY6TV56V82YYVTQ,focus,1091,on,1525305127112
A39XIQCFSCNHFU:39PAAFCODM0UCE2EY6TV56V82YYVTQ,focus,106198,off,1525305233310
A39XIQCFSCNHFU:39PAAFCODM0UCE2EY6TV56V82YYVTQ,focus,458,on,1525305233768
A39XIQCFSCNHFU:39PAAFCODM0UCE2EY6TV56V82YYVTQ,focus,137317,off,1525305371085
A39XIQCFSCNHFU:39PAAFCODM0UCE2EY6TV56V82YYVTQ,focus,484,on,1525305371569
A39XIQCFSCNHFU:39PAAFCODM0UCE2EY6TV56V82YYVTQ,focus,9634,off,1525305381203
A39XIQCFSCNHFU:39PAAFCODM0UCE2EY6TV56V82YYVTQ,focus,836,on,1525305382039
A39XIQCFSCNHFU:39PAAFCODM0UCE2EY6TV56V82YYVTQ,focus,9869,off,1525305391908
A39XIQCFSCNHFU:39PAAFCODM0UCE2EY6TV56V82YYVTQ,focus,772,on,1525305392680
A39XIQCFSCNHFU:39PAAFCODM0UCE2EY6TV56V82YYVTQ,focus,139242,off,1525305531922
A39XIQCFSCNHFU:39PAAFCODM0UCE2EY6TV56V82YYVTQ,focus,4285,on,1525305536207
A39XIQCFSCNHFU:39PAAFCODM0UCE2EY6TV56V82YYVTQ,focus,7412,off,1525305543619
A39XIQCFSCNHFU:39PAAFCODM0UCE2EY6TV56V82YYVTQ,focus,3258,on,1525305546877
A39XIQCFSCNHFU:39PAAFCODM0UCE2EY6TV56V82YYVTQ,focus,1125,off,1525305548002
A39XIQCFSCNHFU:39PAAFCODM0UCE2EY6TV56V82YYVTQ,focus,1457,on,1525305549459
A39XIQCFSCNHFU:39PAAFCODM0UCE2EY6TV56V82YYVTQ,focus,58375,off,1525305607834
A39XIQCFSCNHFU:39PAAFCODM0UCE2EY6TV56V82YYVTQ,focus,5858,on,1525305613692
A39XIQCFSCNHFU:39PAAFCODM0UCE2EY6TV56V82YYVTQ,focus,422,off,1525305614114
A39XIQCFSCNHFU:39PAAFCODM0UCE2EY6TV56V82YYVTQ,focus,1294,on,1525305615408
A2VF6506WDNXKS:38F5OAUN5NC2WFANGE9QL9CH5M0H7E,initialized,0,,1525304416823
A2VF6506WDNXKS:38F5OAUN5NC2WFANGE9QL9CH5M0H7E,window_resize,0,"[1440, 872]",1525304416823
APUPF3D94XYUQ:3X65QVEQI0NAUSO9YGWZTNX2NE1CLA,initialized,0,,1525304548534
APUPF3D94XYUQ:3X65QVEQI0NAUSO9YGWZTNX2NE1CLA,window_resize,0,"[1024, 721]",1525304548534
APUPF3D94XYUQ:3X65QVEQI0NAUSO9YGWZTNX2NE1CLA,focus,9559,off,1525304558093
APUPF3D94XYUQ:3X65QVEQI0NAUSO9YGWZTNX2NE1CLA,focus,5590,on,1525304563683
APUPF3D94XYUQ:3X65QVEQI0NAUSO9YGWZTNX2NE1CLA,focus,14871,off,1525304578554
APUPF3D94XYUQ:3X65QVEQI0NAUSO9YGWZTNX2NE1CLA,focus,15272,on,1525304593826
APUPF3D94XYUQ:3X65QVEQI0NAUSO9YGWZTNX2NE1CLA,focus,429853,off,1525305023679
APUPF3D94XYUQ:3X65QVEQI0NAUSO9YGWZTNX2NE1CLA,focus,24631,on,1525305048310
APUPF3D94XYUQ:3X65QVEQI0NAUSO9YGWZTNX2NE1CLA,focus,106891,off,1525305155201
APUPF3D94XYUQ:3X65QVEQI0NAUSO9YGWZTNX2NE1CLA,focus,8973,on,1525305164174
APUPF3D94XYUQ:3X65QVEQI0NAUSO9YGWZTNX2NE1CLA,focus,780916,off,1525305945090
APUPF3D94XYUQ:3X65QVEQI0NAUSO9YGWZTNX2NE1CLA,focus,83882,on,1525306028972
APUPF3D94XYUQ:3X65QVEQI0NAUSO9YGWZTNX2NE1CLA,focus,116407,off,1525306145379
APUPF3D94XYUQ:3X65QVEQI0NAUSO9YGWZTNX2NE1CLA,focus,3788,on,1525306149167
A1FTGHYEU1T71Y:3FIJLY1B6U47OPNHHAF7IARPP1UFPM,initialized,0,,1525306138011
A1FTGHYEU1T71Y:3FIJLY1B6U47OPNHHAF7IARPP1UFPM,window_resize,0,"[1024, 768]",1525306138011
A1FTGHYEU1T71Y:3FIJLY1B6U47OPNHHAF7IARPP1UFPM,focus,9605,off,1525306147616
A1FTGHYEU1T71Y:3FIJLY1B6U47OPNHHAF7IARPP1UFPM,focus,2473,on,1525306150089
A1FTGHYEU1T71Y:3FIJLY1B6U47OPNHHAF7IARPP1UFPM,focus,645199,off,1525306795288
A1FTGHYEU1T71Y:3FIJLY1B6U47OPNHHAF7IARPP1UFPM,focus,1653,on,1525306796941
A316NPK57UTIRF:3JMSRU9HQIUSNVKH8B406KV7ZOFEVN,initialized,0,,1525308379132
A316NPK57UTIRF:3JMSRU9HQIUSNVKH8B406KV7ZOFEVN,window_resize,0,"[1006, 659]",1525308379132
A316NPK57UTIRF:3JMSRU9HQIUSNVKH8B406KV7ZOFEVN,focus,15590,off,1525308394722
A316NPK57UTIRF:3JMSRU9HQIUSNVKH8B406KV7ZOFEVN,focus,7131,on,1525308401853
A316NPK57UTIRF:3JMSRU9HQIUSNVKH8B406KV7ZOFEVN,window_resize,32350,"[1366, 676]",1525308434203
A316NPK57UTIRF:3JMSRU9HQIUSNVKH8B406KV7ZOFEVN,focus,1128908,off,1525309563111
A316NPK57UTIRF:3JMSRU9HQIUSNVKH8B406KV7ZOFEVN,focus,27273,on,1525309590384
A316NPK57UTIRF:3JMSRU9HQIUSNVKH8B406KV7ZOFEVN,focus,49386,off,1525309639770
A316NPK57UTIRF:3JMSRU9HQIUSNVKH8B406KV7ZOFEVN,focus,10390,on,1525309650160
A316NPK57UTIRF:3JMSRU9HQIUSNVKH8B406KV7ZOFEVN,focus,109592,off,1525309759752
A316NPK57UTIRF:3JMSRU9HQIUSNVKH8B406KV7ZOFEVN,focus,22066,on,1525309781818
A3BYUMQTYHXWZY:3U088ZLJVKT6BU5SQEAH7XCHCWDW0Z,initialized,0,,1525308718916
A3BYUMQTYHXWZY:3U088ZLJVKT6BU5SQEAH7XCHCWDW0Z,window_resize,2,"[1024, 768]",1525308718918
A3BYUMQTYHXWZY:3U088ZLJVKT6BU5SQEAH7XCHCWDW0Z,focus,258,on,1525308719176
A3BYUMQTYHXWZY:3U088ZLJVKT6BU5SQEAH7XCHCWDW0Z,focus,8530,off,1525308727706
A3BYUMQTYHXWZY:3U088ZLJVKT6BU5SQEAH7XCHCWDW0Z,focus,3262,on,1525308730968
A3BYUMQTYHXWZY:3U088ZLJVKT6BU5SQEAH7XCHCWDW0Z,focus,238416,off,1525308969384
A3BYUMQTYHXWZY:3U088ZLJVKT6BU5SQEAH7XCHCWDW0Z,focus,1118,on,1525308970502
A3BYUMQTYHXWZY:3U088ZLJVKT6BU5SQEAH7XCHCWDW0Z,focus,109974,off,1525309080476
A3BYUMQTYHXWZY:3U088ZLJVKT6BU5SQEAH7XCHCWDW0Z,focus,12686,on,1525309093162
A3BYUMQTYHXWZY:3U088ZLJVKT6BU5SQEAH7XCHCWDW0Z,focus,1682,off,1525309094844
A3BYUMQTYHXWZY:3U088ZLJVKT6BU5SQEAH7XCHCWDW0Z,focus,52078,on,1525309146922
A3BYUMQTYHXWZY:3U088ZLJVKT6BU5SQEAH7XCHCWDW0Z,focus,44370,off,1525309191292
A3BYUMQTYHXWZY:3U088ZLJVKT6BU5SQEAH7XCHCWDW0Z,focus,246,on,1525309191538
A3BYUMQTYHXWZY:3U088ZLJVKT6BU5SQEAH7XCHCWDW0Z,focus,647362,off,1525309838900
A3BYUMQTYHXWZY:3U088ZLJVKT6BU5SQEAH7XCHCWDW0Z,focus,33714,on,1525309872614
A3BYUMQTYHXWZY:3U088ZLJVKT6BU5SQEAH7XCHCWDW0Z,focus,139676,off,1525310012290
A3BYUMQTYHXWZY:3U088ZLJVKT6BU5SQEAH7XCHCWDW0Z,focus,1902,on,1525310014192
A3BYUMQTYHXWZY:3U088ZLJVKT6BU5SQEAH7XCHCWDW0Z,focus,1616,off,1525310015808
A3BYUMQTYHXWZY:3U088ZLJVKT6BU5SQEAH7XCHCWDW0Z,focus,868,on,1525310016676
A3BYUMQTYHXWZY:3U088ZLJVKT6BU5SQEAH7XCHCWDW0Z,focus,605300,off,1525310621976
A3BYUMQTYHXWZY:3U088ZLJVKT6BU5SQEAH7XCHCWDW0Z,focus,1564,on,1525310623540
AO33H4GL9KZX9:3CFVK00FWLLLEBF8OPJW7N5SRSDL6E,initialized,0,,1525310280000
AO33H4GL9KZX9:3CFVK00FWLLLEBF8OPJW7N5SRSDL6E,window_resize,0,"[1024, 662]",1525310280000
AO33H4GL9KZX9:3CFVK00FWLLLEBF8OPJW7N5SRSDL6E,focus,350,on,1525310280350
AO33H4GL9KZX9:3CFVK00FWLLLEBF8OPJW7N5SRSDL6E,focus,5404,off,1525310285754
AO33H4GL9KZX9:3CFVK00FWLLLEBF8OPJW7N5SRSDL6E,focus,24682,on,1525310310436
AO33H4GL9KZX9:3CFVK00FWLLLEBF8OPJW7N5SRSDL6E,focus,6338,off,1525310316774
AO33H4GL9KZX9:3CFVK00FWLLLEBF8OPJW7N5SRSDL6E,focus,608,on,1525310317382
AO33H4GL9KZX9:3CFVK00FWLLLEBF8OPJW7N5SRSDL6E,focus,487286,off,1525310804668
AO33H4GL9KZX9:3CFVK00FWLLLEBF8OPJW7N5SRSDL6E,focus,3130,on,1525310807798
AO33H4GL9KZX9:3CFVK00FWLLLEBF8OPJW7N5SRSDL6E,focus,195514,off,1525311003312
AO33H4GL9KZX9:3CFVK00FWLLLEBF8OPJW7N5SRSDL6E,focus,14,on,1525311003326
AO33H4GL9KZX9:3CFVK00FWLLLEBF8OPJW7N5SRSDL6E,focus,50252,off,1525311053578
AO33H4GL9KZX9:3CFVK00FWLLLEBF8OPJW7N5SRSDL6E,focus,1756,on,1525311055334
AO33H4GL9KZX9:3CFVK00FWLLLEBF8OPJW7N5SRSDL6E,focus,306074,off,1525311361408
AO33H4GL9KZX9:3CFVK00FWLLLEBF8OPJW7N5SRSDL6E,focus,18,on,1525311361426
AO33H4GL9KZX9:3CFVK00FWLLLEBF8OPJW7N5SRSDL6E,focus,2454,off,1525311363880
AO33H4GL9KZX9:3CFVK00FWLLLEBF8OPJW7N5SRSDL6E,focus,2,on,1525311363882
A3O5JKO0ADLXDB:3ON104KXQKWNAINT9FXJJ02UT964W2,initialized,0,,1525310380301
A3O5JKO0ADLXDB:3ON104KXQKWNAINT9FXJJ02UT964W2,window_resize,0,"[1024, 721]",1525310380301
A3O5JKO0ADLXDB:3ON104KXQKWNAINT9FXJJ02UT964W2,focus,27163,off,1525310407464
A3O5JKO0ADLXDB:3ON104KXQKWNAINT9FXJJ02UT964W2,focus,4687,on,1525310412151
A3O5JKO0ADLXDB:3ON104KXQKWNAINT9FXJJ02UT964W2,focus,16492,off,1525310428643
A3O5JKO0ADLXDB:3ON104KXQKWNAINT9FXJJ02UT964W2,focus,11055,on,1525310439698
A3O5JKO0ADLXDB:3ON104KXQKWNAINT9FXJJ02UT964W2,window_resize,248507,"[1024, 677]",1525310688205
A3O5JKO0ADLXDB:3ON104KXQKWNAINT9FXJJ02UT964W2,focus,1552885,off,1525312241090
A3O5JKO0ADLXDB:3ON104KXQKWNAINT9FXJJ02UT964W2,focus,8458,on,1525312249548
A3O5JKO0ADLXDB:3ON104KXQKWNAINT9FXJJ02UT964W2,focus,463933,off,1525312713481
A3O5JKO0ADLXDB:3ON104KXQKWNAINT9FXJJ02UT964W2,focus,6363,on,1525312719844
AHLS6AZ1VTNH7:3LEIZ60CDJZS1JYA1XDHZC7SW3M9ZR,initialized,0,,1525314351992
AHLS6AZ1VTNH7:3LEIZ60CDJZS1JYA1XDHZC7SW3M9ZR,window_resize,0,"[1024, 722]",1525314351992
AHLS6AZ1VTNH7:3LEIZ60CDJZS1JYA1XDHZC7SW3M9ZR,focus,12587,off,1525314364579
AHLS6AZ1VTNH7:3LEIZ60CDJZS1JYA1XDHZC7SW3M9ZR,focus,2760,on,1525314367339
AHLS6AZ1VTNH7:3LEIZ60CDJZS1JYA1XDHZC7SW3M9ZR,focus,1606,off,1525314368945
AHLS6AZ1VTNH7:3LEIZ60CDJZS1JYA1XDHZC7SW3M9ZR,focus,20772,on,1525314389717
AHLS6AZ1VTNH7:3LEIZ60CDJZS1JYA1XDHZC7SW3M9ZR,window_resize,78062,"[1366, 678]",1525314467779
AHLS6AZ1VTNH7:3LEIZ60CDJZS1JYA1XDHZC7SW3M9ZR,focus,302515,off,1525314770294
AHLS6AZ1VTNH7:3LEIZ60CDJZS1JYA1XDHZC7SW3M9ZR,focus,5773,on,1525314776067
AHLS6AZ1VTNH7:3LEIZ60CDJZS1JYA1XDHZC7SW3M9ZR,focus,1030006,off,1525315806073
AHLS6AZ1VTNH7:3LEIZ60CDJZS1JYA1XDHZC7SW3M9ZR,focus,2901,on,1525315808974
AHLS6AZ1VTNH7:3LEIZ60CDJZS1JYA1XDHZC7SW3M9ZR,focus,998,off,1525315809972
AHLS6AZ1VTNH7:3LEIZ60CDJZS1JYA1XDHZC7SW3M9ZR,focus,91945,on,1525315901917
AHLS6AZ1VTNH7:3LEIZ60CDJZS1JYA1XDHZC7SW3M9ZR,focus,400251,off,1525316302168
AHLS6AZ1VTNH7:3LEIZ60CDJZS1JYA1XDHZC7SW3M9ZR,focus,1610,on,1525316303778
AHLS6AZ1VTNH7:3LEIZ60CDJZS1JYA1XDHZC7SW3M9ZR,focus,182559,off,1525316486337
AHLS6AZ1VTNH7:3LEIZ60CDJZS1JYA1XDHZC7SW3M9ZR,focus,1620,on,1525316487957
AHLS6AZ1VTNH7:3LEIZ60CDJZS1JYA1XDHZC7SW3M9ZR,focus,8865,off,1525316496822
AHLS6AZ1VTNH7:3LEIZ60CDJZS1JYA1XDHZC7SW3M9ZR,focus,5674,on,1525316502496
AHLS6AZ1VTNH7:3LEIZ60CDJZS1JYA1XDHZC7SW3M9ZR,focus,424418,off,1525316926914
AHLS6AZ1VTNH7:3LEIZ60CDJZS1JYA1XDHZC7SW3M9ZR,focus,416,on,1525316927330
AHLS6AZ1VTNH7:3LEIZ60CDJZS1JYA1XDHZC7SW3M9ZR,focus,202881,off,1525317130211
AHLS6AZ1VTNH7:3LEIZ60CDJZS1JYA1XDHZC7SW3M9ZR,focus,1358,on,1525317131569
AHLS6AZ1VTNH7:3LEIZ60CDJZS1JYA1XDHZC7SW3M9ZR,focus,153678,off,1525317285247
AHLS6AZ1VTNH7:3LEIZ60CDJZS1JYA1XDHZC7SW3M9ZR,focus,5826,on,1525317291073
AHLS6AZ1VTNH7:3LEIZ60CDJZS1JYA1XDHZC7SW3M9ZR,focus,6506,off,1525317297579
AHLS6AZ1VTNH7:3LEIZ60CDJZS1JYA1XDHZC7SW3M9ZR,focus,85036,on,1525317382615
AHLS6AZ1VTNH7:3LEIZ60CDJZS1JYA1XDHZC7SW3M9ZR,focus,18386,off,1525317401001
AHLS6AZ1VTNH7:3LEIZ60CDJZS1JYA1XDHZC7SW3M9ZR,focus,1711,on,1525317402712
AHLS6AZ1VTNH7:3LEIZ60CDJZS1JYA1XDHZC7SW3M9ZR,focus,24682,off,1525317427394
AHLS6AZ1VTNH7:3LEIZ60CDJZS1JYA1XDHZC7SW3M9ZR,focus,7358,on,1525317434752
AHLS6AZ1VTNH7:3LEIZ60CDJZS1JYA1XDHZC7SW3M9ZR,window_resize,1336512,"[1024, 722]",1525318771264
AHLS6AZ1VTNH7:3LEIZ60CDJZS1JYA1XDHZC7SW3M9ZR,focus,941,off,1525318772205
AHLS6AZ1VTNH7:3LEIZ60CDJZS1JYA1XDHZC7SW3M9ZR,focus,5007,on,1525318777212
AHLS6AZ1VTNH7:3LEIZ60CDJZS1JYA1XDHZC7SW3M9ZR,focus,0,off,1525318777212
AHLS6AZ1VTNH7:3LEIZ60CDJZS1JYA1XDHZC7SW3M9ZR,focus,2,on,1525318777214
AHLS6AZ1VTNH7:3LEIZ60CDJZS1JYA1XDHZC7SW3M9ZR,focus,0,off,1525318777214
AHLS6AZ1VTNH7:3LEIZ60CDJZS1JYA1XDHZC7SW3M9ZR,focus,12357,on,1525318789571
AHLS6AZ1VTNH7:3LEIZ60CDJZS1JYA1XDHZC7SW3M9ZR,window_resize,1719,"[1366, 678]",1525318791290
AHLS6AZ1VTNH7:3LEIZ60CDJZS1JYA1XDHZC7SW3M9ZR,focus,7757,off,1525318799047
AHLS6AZ1VTNH7:3LEIZ60CDJZS1JYA1XDHZC7SW3M9ZR,focus,3692,on,1525318802739
AHLS6AZ1VTNH7:3LEIZ60CDJZS1JYA1XDHZC7SW3M9ZR,focus,6395,off,1525318809134
AHLS6AZ1VTNH7:3LEIZ60CDJZS1JYA1XDHZC7SW3M9ZR,focus,588,on,1525318809722
AFDOCG0RZGSXU:3CTOC39K37QYNL5D4ECBXMSWIF27J9,initialized,0,,1525315402444
AFDOCG0RZGSXU:3CTOC39K37QYNL5D4ECBXMSWIF27J9,window_resize,0,"[1366, 677]",1525315402444
AFDOCG0RZGSXU:3CTOC39K37QYNL5D4ECBXMSWIF27J9,focus,44650,off,1525315447094
AFDOCG0RZGSXU:3CTOC39K37QYNL5D4ECBXMSWIF27J9,focus,8748,on,1525315455842
AFDOCG0RZGSXU:3CTOC39K37QYNL5D4ECBXMSWIF27J9,focus,795987,off,1525316251829
AFDOCG0RZGSXU:3CTOC39K37QYNL5D4ECBXMSWIF27J9,focus,14909,on,1525316266738
AFDOCG0RZGSXU:3CTOC39K37QYNL5D4ECBXMSWIF27J9,focus,759009,off,1525317025747
AFDOCG0RZGSXU:3CTOC39K37QYNL5D4ECBXMSWIF27J9,focus,4124,on,1525317029871
AFDOCG0RZGSXU:3CTOC39K37QYNL5D4ECBXMSWIF27J9,focus,270922,off,1525317300793
AFDOCG0RZGSXU:3CTOC39K37QYNL5D4ECBXMSWIF27J9,focus,18388,on,1525317319181
AFDOCG0RZGSXU:3CTOC39K37QYNL5D4ECBXMSWIF27J9,focus,152201,off,1525317471382
AFDOCG0RZGSXU:3CTOC39K37QYNL5D4ECBXMSWIF27J9,focus,50551,on,1525317521933
AFDOCG0RZGSXU:3CTOC39K37QYNL5D4ECBXMSWIF27J9,window_resize,1926298,"[1024, 723]",1525319448231
AFDOCG0RZGSXU:3CTOC39K37QYNL5D4ECBXMSWIF27J9,focus,845,off,1525319449076
AFDOCG0RZGSXU:3CTOC39K37QYNL5D4ECBXMSWIF27J9,focus,8534,on,1525319457610
AFDOCG0RZGSXU:3CTOC39K37QYNL5D4ECBXMSWIF27J9,window_resize,9286,"[1366, 677]",1525319466896
A3D9NTTKE35SRL:3T111IHZ5EQJZSCJRGJ4D95TNMER9R,initialized,0,,1525316161721
A3D9NTTKE35SRL:3T111IHZ5EQJZSCJRGJ4D95TNMER9R,window_resize,0,"[1024, 721]",1525316161721
A3D9NTTKE35SRL:3T111IHZ5EQJZSCJRGJ4D95TNMER9R,focus,14826,off,1525316176547
A3D9NTTKE35SRL:3T111IHZ5EQJZSCJRGJ4D95TNMER9R,focus,2488,on,1525316179035
A38NKLE8WK7RKY:3VW04L3ZLT6TXKGT3VVAIUDZV66XXS,initialized,0,,1525319316306
A38NKLE8WK7RKY:3VW04L3ZLT6TXKGT3VVAIUDZV66XXS,window_resize,0,"[1396, 712]",1525319316306
AFUUPNBIKHRFZ:3LRKMWOKB5HH1ZDBGOY2PPZEQX5Z2I,initialized,0,,1525320533334
AFUUPNBIKHRFZ:3LRKMWOKB5HH1ZDBGOY2PPZEQX5Z2I,window_resize,0,"[1366, 677]",1525320533334
AFUUPNBIKHRFZ:3LRKMWOKB5HH1ZDBGOY2PPZEQX5Z2I,focus,23699,off,1525320557033
AFUUPNBIKHRFZ:3LRKMWOKB5HH1ZDBGOY2PPZEQX5Z2I,focus,5633,on,1525320562666
AFUUPNBIKHRFZ:3LRKMWOKB5HH1ZDBGOY2PPZEQX5Z2I,focus,98913,off,1525320661579
AFUUPNBIKHRFZ:3LRKMWOKB5HH1ZDBGOY2PPZEQX5Z2I,focus,4889,on,1525320666468
AFUUPNBIKHRFZ:3LRKMWOKB5HH1ZDBGOY2PPZEQX5Z2I,focus,733070,off,1525321399538
AFUUPNBIKHRFZ:3LRKMWOKB5HH1ZDBGOY2PPZEQX5Z2I,focus,2489,on,1525321402027
AFUUPNBIKHRFZ:3LRKMWOKB5HH1ZDBGOY2PPZEQX5Z2I,focus,311,off,1525321402338
AFUUPNBIKHRFZ:3LRKMWOKB5HH1ZDBGOY2PPZEQX5Z2I,focus,4082,on,1525321406420
AFUUPNBIKHRFZ:3LRKMWOKB5HH1ZDBGOY2PPZEQX5Z2I,focus,1,off,1525321406421
AFUUPNBIKHRFZ:3LRKMWOKB5HH1ZDBGOY2PPZEQX5Z2I,focus,24,on,1525321406445
AFUUPNBIKHRFZ:3LRKMWOKB5HH1ZDBGOY2PPZEQX5Z2I,focus,8,off,1525321406453
AFUUPNBIKHRFZ:3LRKMWOKB5HH1ZDBGOY2PPZEQX5Z2I,focus,8606,on,1525321415059
AFUUPNBIKHRFZ:3LRKMWOKB5HH1ZDBGOY2PPZEQX5Z2I,focus,1351,off,1525321416410
AFUUPNBIKHRFZ:3LRKMWOKB5HH1ZDBGOY2PPZEQX5Z2I,focus,73262,on,1525321489672
AFUUPNBIKHRFZ:3LRKMWOKB5HH1ZDBGOY2PPZEQX5Z2I,focus,7746,off,1525321497418
AFUUPNBIKHRFZ:3LRKMWOKB5HH1ZDBGOY2PPZEQX5Z2I,focus,2997,on,1525321500415
AFUUPNBIKHRFZ:3LRKMWOKB5HH1ZDBGOY2PPZEQX5Z2I,focus,288,off,1525321500703
AFUUPNBIKHRFZ:3LRKMWOKB5HH1ZDBGOY2PPZEQX5Z2I,focus,2891,on,1525321503594
AFUUPNBIKHRFZ:3LRKMWOKB5HH1ZDBGOY2PPZEQX5Z2I,focus,0,off,1525321503594
AFUUPNBIKHRFZ:3LRKMWOKB5HH1ZDBGOY2PPZEQX5Z2I,focus,26,on,1525321503620
AFUUPNBIKHRFZ:3LRKMWOKB5HH1ZDBGOY2PPZEQX5Z2I,focus,28,off,1525321503648
AFUUPNBIKHRFZ:3LRKMWOKB5HH1ZDBGOY2PPZEQX5Z2I,focus,45260,on,1525321548908
AFUUPNBIKHRFZ:3LRKMWOKB5HH1ZDBGOY2PPZEQX5Z2I,focus,13253,off,1525321562161
AFUUPNBIKHRFZ:3LRKMWOKB5HH1ZDBGOY2PPZEQX5Z2I,focus,6880,on,1525321569041
AFUUPNBIKHRFZ:3LRKMWOKB5HH1ZDBGOY2PPZEQX5Z2I,focus,0,off,1525321569041
AFUUPNBIKHRFZ:3LRKMWOKB5HH1ZDBGOY2PPZEQX5Z2I,focus,19,on,1525321569060
AFUUPNBIKHRFZ:3LRKMWOKB5HH1ZDBGOY2PPZEQX5Z2I,focus,11,off,1525321569071
AFUUPNBIKHRFZ:3LRKMWOKB5HH1ZDBGOY2PPZEQX5Z2I,focus,7261,on,1525321576332
AFUUPNBIKHRFZ:3LRKMWOKB5HH1ZDBGOY2PPZEQX5Z2I,focus,1510,off,1525321577842
AFUUPNBIKHRFZ:3LRKMWOKB5HH1ZDBGOY2PPZEQX5Z2I,focus,24440,on,1525321602282
AFUUPNBIKHRFZ:3LRKMWOKB5HH1ZDBGOY2PPZEQX5Z2I,focus,5900,off,1525321608182
AFUUPNBIKHRFZ:3LRKMWOKB5HH1ZDBGOY2PPZEQX5Z2I,focus,1834,on,1525321610016
AFUUPNBIKHRFZ:3LRKMWOKB5HH1ZDBGOY2PPZEQX5Z2I,focus,307,off,1525321610323
AFUUPNBIKHRFZ:3LRKMWOKB5HH1ZDBGOY2PPZEQX5Z2I,focus,3318,on,1525321613641
AFUUPNBIKHRFZ:3LRKMWOKB5HH1ZDBGOY2PPZEQX5Z2I,focus,12,off,1525321613653
AFUUPNBIKHRFZ:3LRKMWOKB5HH1ZDBGOY2PPZEQX5Z2I,focus,3,on,1525321613656
AFUUPNBIKHRFZ:3LRKMWOKB5HH1ZDBGOY2PPZEQX5Z2I,focus,15,off,1525321613671
AFUUPNBIKHRFZ:3LRKMWOKB5HH1ZDBGOY2PPZEQX5Z2I,focus,7876,on,1525321621547
AFUUPNBIKHRFZ:3LRKMWOKB5HH1ZDBGOY2PPZEQX5Z2I,focus,1317,off,1525321622864
AFUUPNBIKHRFZ:3LRKMWOKB5HH1ZDBGOY2PPZEQX5Z2I,focus,16042,on,1525321638906
AFUUPNBIKHRFZ:3LRKMWOKB5HH1ZDBGOY2PPZEQX5Z2I,focus,4767,off,1525321643673
AFUUPNBIKHRFZ:3LRKMWOKB5HH1ZDBGOY2PPZEQX5Z2I,focus,1283,on,1525321644956
AFUUPNBIKHRFZ:3LRKMWOKB5HH1ZDBGOY2PPZEQX5Z2I,focus,310,off,1525321645266
AFUUPNBIKHRFZ:3LRKMWOKB5HH1ZDBGOY2PPZEQX5Z2I,focus,2623,on,1525321647889
AFUUPNBIKHRFZ:3LRKMWOKB5HH1ZDBGOY2PPZEQX5Z2I,focus,9,off,1525321647898
AFUUPNBIKHRFZ:3LRKMWOKB5HH1ZDBGOY2PPZEQX5Z2I,focus,6,on,1525321647904
AFUUPNBIKHRFZ:3LRKMWOKB5HH1ZDBGOY2PPZEQX5Z2I,focus,13,off,1525321647917
AFUUPNBIKHRFZ:3LRKMWOKB5HH1ZDBGOY2PPZEQX5Z2I,focus,7333,on,1525321655250
AFUUPNBIKHRFZ:3LRKMWOKB5HH1ZDBGOY2PPZEQX5Z2I,focus,1450,off,1525321656700
AFUUPNBIKHRFZ:3LRKMWOKB5HH1ZDBGOY2PPZEQX5Z2I,focus,63646,on,1525321720346
AFUUPNBIKHRFZ:3LRKMWOKB5HH1ZDBGOY2PPZEQX5Z2I,focus,6947,off,1525321727293
AFUUPNBIKHRFZ:3LRKMWOKB5HH1ZDBGOY2PPZEQX5Z2I,focus,1185,on,1525321728478
AFUUPNBIKHRFZ:3LRKMWOKB5HH1ZDBGOY2PPZEQX5Z2I,focus,306,off,1525321728784
AFUUPNBIKHRFZ:3LRKMWOKB5HH1ZDBGOY2PPZEQX5Z2I,focus,2529,on,1525321731313
AFUUPNBIKHRFZ:3LRKMWOKB5HH1ZDBGOY2PPZEQX5Z2I,focus,1,off,1525321731314
AFUUPNBIKHRFZ:3LRKMWOKB5HH1ZDBGOY2PPZEQX5Z2I,focus,15,on,1525321731329
AFUUPNBIKHRFZ:3LRKMWOKB5HH1ZDBGOY2PPZEQX5Z2I,focus,7,off,1525321731336
AFUUPNBIKHRFZ:3LRKMWOKB5HH1ZDBGOY2PPZEQX5Z2I,focus,8234,on,1525321739570
AFUUPNBIKHRFZ:3LRKMWOKB5HH1ZDBGOY2PPZEQX5Z2I,focus,880,off,1525321740450
AFUUPNBIKHRFZ:3LRKMWOKB5HH1ZDBGOY2PPZEQX5Z2I,focus,20025,on,1525321760475
AFUUPNBIKHRFZ:3LRKMWOKB5HH1ZDBGOY2PPZEQX5Z2I,focus,5446,off,1525321765921
AFUUPNBIKHRFZ:3LRKMWOKB5HH1ZDBGOY2PPZEQX5Z2I,focus,1285,on,1525321767206
AFUUPNBIKHRFZ:3LRKMWOKB5HH1ZDBGOY2PPZEQX5Z2I,focus,309,off,1525321767515
AFUUPNBIKHRFZ:3LRKMWOKB5HH1ZDBGOY2PPZEQX5Z2I,focus,2116,on,1525321769631
AFUUPNBIKHRFZ:3LRKMWOKB5HH1ZDBGOY2PPZEQX5Z2I,focus,6,off,1525321769637
AFUUPNBIKHRFZ:3LRKMWOKB5HH1ZDBGOY2PPZEQX5Z2I,focus,13,on,1525321769650
AFUUPNBIKHRFZ:3LRKMWOKB5HH1ZDBGOY2PPZEQX5Z2I,focus,11,off,1525321769661
AFUUPNBIKHRFZ:3LRKMWOKB5HH1ZDBGOY2PPZEQX5Z2I,focus,10902,on,1525321780563
AFUUPNBIKHRFZ:3LRKMWOKB5HH1ZDBGOY2PPZEQX5Z2I,focus,1878,off,1525321782441
AFUUPNBIKHRFZ:3LRKMWOKB5HH1ZDBGOY2PPZEQX5Z2I,focus,34754,on,1525321817195
AFUUPNBIKHRFZ:3LRKMWOKB5HH1ZDBGOY2PPZEQX5Z2I,focus,8572,off,1525321825767
AFUUPNBIKHRFZ:3LRKMWOKB5HH1ZDBGOY2PPZEQX5Z2I,focus,1399,on,1525321827166
AFUUPNBIKHRFZ:3LRKMWOKB5HH1ZDBGOY2PPZEQX5Z2I,focus,309,off,1525321827475
AFUUPNBIKHRFZ:3LRKMWOKB5HH1ZDBGOY2PPZEQX5Z2I,focus,1837,on,1525321829312
AFUUPNBIKHRFZ:3LRKMWOKB5HH1ZDBGOY2PPZEQX5Z2I,focus,3,off,1525321829315
AFUUPNBIKHRFZ:3LRKMWOKB5HH1ZDBGOY2PPZEQX5Z2I,focus,24,on,1525321829339
AFUUPNBIKHRFZ:3LRKMWOKB5HH1ZDBGOY2PPZEQX5Z2I,focus,7,off,1525321829346
AFUUPNBIKHRFZ:3LRKMWOKB5HH1ZDBGOY2PPZEQX5Z2I,focus,7881,on,1525321837227
AFUUPNBIKHRFZ:3LRKMWOKB5HH1ZDBGOY2PPZEQX5Z2I,focus,1433,off,1525321838660
AFUUPNBIKHRFZ:3LRKMWOKB5HH1ZDBGOY2PPZEQX5Z2I,focus,22994,on,1525321861654
A31A4YKVSOYRVS:33SA9F9TRXU52KKMYL9WSMEL6Z4WE6,initialized,0,,1525325901420
A31A4YKVSOYRVS:33SA9F9TRXU52KKMYL9WSMEL6Z4WE6,window_resize,0,"[891, 768]",1525325901420
A31A4YKVSOYRVS:33SA9F9TRXU52KKMYL9WSMEL6Z4WE6,focus,8208,off,1525325909628
A31A4YKVSOYRVS:33SA9F9TRXU52KKMYL9WSMEL6Z4WE6,focus,4925,on,1525325914553
A31A4YKVSOYRVS:33SA9F9TRXU52KKMYL9WSMEL6Z4WE6,focus,90397,off,1525326004950
A31A4YKVSOYRVS:33SA9F9TRXU52KKMYL9WSMEL6Z4WE6,focus,554090,on,1525326559040
A31A4YKVSOYRVS:33SA9F9TRXU52KKMYL9WSMEL6Z4WE6,focus,305812,off,1525326864852
A31A4YKVSOYRVS:33SA9F9TRXU52KKMYL9WSMEL6Z4WE6,focus,52931,on,1525326917783
A31A4YKVSOYRVS:33SA9F9TRXU52KKMYL9WSMEL6Z4WE6,focus,791401,off,1525327709184
A31A4YKVSOYRVS:33SA9F9TRXU52KKMYL9WSMEL6Z4WE6,focus,981,on,1525327710165
A31A4YKVSOYRVS:33SA9F9TRXU52KKMYL9WSMEL6Z4WE6,focus,87294,off,1525327797459
A31A4YKVSOYRVS:33SA9F9TRXU52KKMYL9WSMEL6Z4WE6,focus,805344,on,1525328602803
